filename,summary,priority,category
2-Step Verification turned on_28480.txt,From: Google <no-reply@accounts.google.com> Subject: 2-Step Verification turned on [image: Google] 2-Step Verification turned on misrabon55@gmail.com Your Google Account misrabon55@gmail.com is now protected with 2-Step Verification. You can review your 2SV settings <https://accounts.google.com/AccountChooser?Email=misrabon55@gmail.com&continue=https://myaccount.google.com/signinoptions/two-step-verification?rfn%3D16%26rfnc%3D1%26eid%3D9206045019846868041%26et%3D0> to make changes. You can also see security activity at https://myaccount.google.com/notifications You received this email to let you know about important changes to your Google Account and services.,HIGH,OTHER
Confirm Your Email_28472.txt,"From: ""Coursiv"" <no-reply@updates.coursiv.co> Subject: Confirm Your Email Hi! Your Coursiv goal: AI Mastery <https://coursiv.io/en/dynamic/selling-page?utm_gender=m&prc_id=1061&age=18-24&option1=Gain%20financial%20skills&option2=Plan%20a%20vacation&split_c1061_sp_and_content=controlv2&stable_id=960f5af3-ca59-45a3-9e60-321af4873623&email=misrabon55%40gmail.com&source=email&campaign=email_catch&email_id=1&email=misrabon55@gmail.com&uid=23126724> Confirm your email now, and let's start this journey together. Talk soon, Founder, Coursiv <https://www.youtube.com/@Coursiv> <https://www.tiktok.com/@coursiv_io> <https://www.instagram.com/coursiv_io/> You are receiving this from Coursiv as you have expressed your interest in our products and services.",NORMAL,PROMOTION
Credit alert Notification_1500USD__28464.txt,"From: SwiftPay <support@swiftpayfinance.online> Subject: Credit alert Notification[1500USD] [SwiftPay Online](https://swiftpayfinance.online) # Hello Monoarul, Your account have been Credited. Details of the transaction are shown below; Account Number: 88738096088 Account Name: Monoarul Islam Srabon Description: Salary Total Amount:1500USD Date: Thu, Nov 13, 2025 7:47 PM Available Balance:1500USD Thanks, SwiftPay Online © 2025 SwiftPay Online. All rights reserved.",NORMAL,OTHER
email_28469.txt,From: Mono Srabon <srabonmono@gmail.com> Subject: TMxamMfYstkseMY2gFjvgEa1NGbEhexBGT,NORMAL,OTHER
Meet Claude - AI That_s Got People Talking_28471.txt,"From: ""Coursiv"" <no-reply@updates.coursiv.co> Subject: Meet Claude - AI That’s Got People Talking Don't want to get other letters like this? <https://coursiv.io/en/dynamic/selling-page?utm_gender=m&prc_id=1069&age=18-24&option1=Self-Improvement&option2=Smart%20retirement&split_c1069=Control&stable_id=fa8b3437-b746-487b-b734-7904e78ea3ca&source=email&campaign=email_catch&email_id=30&email=misrabon55@gmail.com&uid=23126724> If you need any help <https://support.coursiv.io/en/support/home?utm_source=EM> getting started, you know I’m happy to assist. You received this email as a registered user of Coursiv <> Unsubscribe <https://links.coursiv.co/s/u/zRgWCRigNX-atvMhBFLI8-g5h5X5KMmU7yl768cqHTi-vKFLCaFb8NeId2EprbHpq4SoPkeIcu5afjK8IhdO5G2O8uyKY70mxJBWHI_ZpWDv2lF-9srNA4gRQXzu_0ZpiM0cu9UtwCMPrgfR18CNNYIQ6n8eHr9EZYF37zciIWiKQLJDRf1mAzWpRze2JACk0vEKUWhDFjHSxw/sX04zvAZ_ED5espBFiK48NjEqJ3-eFXs/14>",HIGH,BUSINESS
Security alert_28479.txt,"From: Google <no-reply@accounts.google.com> Subject: Security alert [image: Google] Phone number added for 2-Step Verification misrabon55@gmail.com Codes to sign in to your account now go to a new phone number. Check activity <https://accounts.google.com/AccountChooser?Email=misrabon55@gmail.com&continue=https://myaccount.google.com/alert/nt/1763111558511?rfn%3D249%26rfnc%3D1%26eid%3D3265014491198796214%26et%3D0> You can also see security activity at https://myaccount.google.com/notifications You received this email to let you know about important changes to your Google Account and services. © 2025 Google LLC, 1600 Amphitheatre Parkway, Mountain View, CA 94043, USA",HIGH,OTHER
Security alert_28481.txt,"From: Google <no-reply@accounts.google.com> Subject: Security alert [image: Google] App password created to sign in to your account misrabon55@gmail.com If you didn't generate this password for Mail, someone might be using your account. Check activity <https://accounts.google.com/AccountChooser?Email=misrabon55@gmail.com&continue=https://myaccount.google.com/alert/nt/1763111806823?rfn%3D20%26rfnc%3D1%26eid%3D-5636752033673770923%26et%3D0> You can also see security activity at https://myaccount.google.com/notifications You received this email to let you know about important changes to your Google Account and services. © 2025 Google LLC, 1600 Amphitheatre Parkway, Mountain View, CA 94043, USA",HIGH,OTHER
Security alert_28482.txt,"From: Google <no-reply@accounts.google.com> Subject: Security alert [image: Google] App password used to sign in was removed misrabon55@gmail.com If you didn't remove this password, someone might be using your account. Check activity <https://accounts.google.com/AccountChooser?Email=misrabon55@gmail.com&continue=https://myaccount.google.com/alert/nt/1763112247751?rfn%3D269%26rfnc%3D1%26eid%3D2069430409703943337%26et%3D0> You can also see security activity at https://myaccount.google.com/notifications You received this email to let you know about important changes to your Google Account and services. © 2025 Google LLC, 1600 Amphitheatre Parkway, Mountain View, CA 94043, USA",HIGH,OTHER
Security alert_28483.txt,"From: Google <no-reply@accounts.google.com> Subject: Security alert [image: Google] App password created to sign in to your account misrabon55@gmail.com If you didn't generate this password for Mail, someone might be using your account. Check activity <https://accounts.google.com/AccountChooser?Email=misrabon55@gmail.com&continue=https://myaccount.google.com/alert/nt/1763112254564?rfn%3D20%26rfnc%3D1%26eid%3D8685479663872605826%26et%3D0> You can also see security activity at https://myaccount.google.com/notifications You received this email to let you know about important changes to your Google Account and services. © 2025 Google LLC, 1600 Amphitheatre Parkway, Mountain View, CA 94043, USA",HIGH,OTHER
Successful Transfer Request_28465.txt,"From: SwiftPay <support@swiftpayfinance.online> Subject: Successful Transfer Request [SwiftPay Online](https://swiftpayfinance.online) # Hello Monoarul Your transfer request of $500 to Hosneara, Agrani Bank PLC has been confirmed and beneficiary is expected to be credited within an hour Details of the transaction are shown below; Account Number: 0200000993997 Account Name:Hosneara Description: Total Amount: $500 Date: Thu, Nov 13, 2025 7:03 PM Available Balance: $1000 Thanks, SwiftPay Online © 2025 SwiftPay Online. All rights reserved.",NORMAL,OTHER
Welcome to Upwork_28474.txt,"͏ ­ ͏ ­ ͏ ­ ͏ ­ ͏ ­ ͏ ­ ͏ ­ ͏ ­ ͏ ­ ͏ ­ ͏ ­ ͏ ­ ͏ ­ ͏ ­ ͏ ­ ͏ ­ ͏ ­ ͏ ­ ͏ ­ ͏ ­ ͏ ­ ͏ ­ ͏ ­ ͏ ­ ͏ ­ ͏ ­ ͏ ­ ͏ ­ ͏ ­ ͏ ­ ͏ ­ ͏ ­ ͏ ­ ͏ ­ ͏ ­ ͏ ­ ͏ ­ ͏ ­ ͏ ­ ͏ ­ ͏ ­ ͏ ­ ͏ ­ ͏ ­ ͏ ­ ͏ ­ ͏ ­ ͏ ­ ͏ ­ ͏ ­ ͏ ­ ͏ ­ ͏ ­ ͏ ­ ͏ ­ ͏ ­ ͏ ­ ͏ ­ ͏ ­ ͏ ­ ͏ ­ ͏ ­ ͏ ­ ͏ ­ ͏ ­ ͏ ­ ͏ ­ ͏ ­ ͏ ­ ͏ ­ ͏ ­ ͏ ­ ͏ ­ ͏ ­ ͏ ­ ͏ ­ ͏ ­ ͏ ­ ͏ ­ ͏ ­ ͏ ­ ͏ ­ ͏ ­ ͏ ­ ͏ ­ ͏ ­ ͏ ­ ͏ ­ ͏ ­ ͏ ­­ ͏ ­ ͏ ­ ͏ ­ ͏ ­ ͏ ­ ͏ ­ ͏ ­ ͏ ­ ͏ ­ ͏ ­ ͏ ­ Find Work ( https://link.email.upwork.com/ls/click?upn=u001.lQOXq-2BZYS347T1f4148jjK2b3GmUBOO4BcX4FAhR-2FYtQKFLyS8jC2lqZSAXIRauKpZyBxnOKm6jdprsTLXNk9g-3D-3DLhHn_gS-2Fs9hx-2FSkZHX1ENp16SoqEaxNdwbfL5V7o4zb83U3vcPYZoBy14pa0Ngy8-2BOPQXRagn-2FTtZlyZaTl-2BECUofNUMYMiWl7EBEYxf60-2F5qEfkS74UL4n1AtVV9vSemi9EX8lkiSb-2B0kFErYrt-2BUfbfdcxtwLQgC8Vcm0LIbSAJsyKj5-2BJfx5Y2LonfTOyxgX-2FccV45VqQNUvLvfbakkz0DhEAg0HOjB59cuAcO44JuKRiMddOKYU9t738qtTiAB57AGNL99Zgn9kneTlJXeRl1VpqnEcqrLwlmXTQbR1LM6CdchJgvvlf1ZFw3xoBW92MUiaXfXlSnqbuMWqmLu-2Bp4z5LFZvqjKMw0W4kA4xiO-2BqlUmh-2FkCkajpLHTozmT8lJqJBkM7OEjk9OB2vwQiWlIHvm-2F6P48-2FgZZ5myQZIeITTkOu1QSTM8PdZLZ-2B9F2dmJcwXqKq5b-2FX6ekVdpeZsclVxBAlYYMf0-2B5sZ8Ixbm-2B3f55u1HEzvcpKqEd-2FRxv3lrecYorFk-2Fc5A25PUtmNmYceIQmzKehf6IA3-2Bw9CG9AWhLZQOpamZW9co8-2FACsewgOWndfNso55D-2FEoj0rdwo7i8yCWBpJMxUoCRzU9zc4RIQDY8-2BvZA5OsSVYsM4hJubbzUge8e-2FCP3210IoaU-2BGAH4gzqSnVdEo79Ujrfo0biBubByNU8HE17kst1PzKOrt0A5Em1tG-2Bmw4Hk6cucG8fIsYmXtfQDUr-2B6eRJWOmBokcz1W1d6ZHPsPLt-2BAQB01-2BsiN2OefsLwjup6yMECAzZwgA-3D-3D ) Ask Uma™ ( https://link.email.upwork.com/ls/click?upn=u001.lQOXq-2BZYS347T1f4148jjK2b3GmUBOO4BcX4FAhR-2FYt3-2Bul8urqsHZg5eHLEZvcqUEcULIZDBURkSXgAm-2FthMA-3D-3D-KdT_gS-2Fs9hx-2FSkZHX1ENp16SoqEaxNdwbfL5V7o4zb83U3vcPYZoBy14pa0Ngy8-2BOPQXRagn-2FTtZlyZaTl-2BECUofNUMYMiWl7EBEYxf60-2F5qEfkS74UL4n1AtVV9vSemi9EX8lkiSb-2B0kFErYrt-2BUfbfdcxtwLQgC8Vcm0LIbSAJsyKj5-2BJfx5Y2LonfTOyxgX-2FccV45VqQNUvLvfbakkz0DhEAg0HOjB59cuAcO44JuKRiMddOKYU9t738qtTiAB57AGNL99Zgn9kneTlJXeRl1VpqnEcqrLwlmXTQbR1LM6CdchJgvvlf1ZFw3xoBW92MUiaXfXlSnqbuMWqmLu-2Bp4z5LFZvqjKMw0W4kA4xiO-2BqlUmh-2FkCkajpLHTozmT8lJqJBkM7OEjk9OB2vwQiWlIHvm-2F6P48-2FgZZ5myQZIeITTkOu1QSTM8PdZLZ-2B9F2dmJcwXqKq5b-2FX6ekVdpeZsclVxBAlYYMf0-2B5sZ8Ixbm-2B3f55u1HEzvcpKqEd-2FRxv3lrecYorFk-2Fc5A25PUtmNmYceIQmzKehf6IA3-2Bw9CG9AWhLZQOpamZW9co8-2FACsewgOWndfNso55D-2FEoj0rdwo7i8yCWBpJMxUoCRzU9zc4RIQDY8-2BvZA5OsSVYsM4hJubbzKUPSYl9zvdJyOs5uPtcOZ0pdq-2F0dCZGNUlLbbNhelOeA9Qq0uD-2FUUTrKn-2BCLgUN4mbUGPGydqnwQPlVDASwP2XoXYdSKUmvw82kMezkXHLwpyQmaP0MAJuPk7EBLRTm1oWOHshm3niDjodpYxOlNTw-3D-3D ) Ad Products ( https://link.email.upwork.com/ls/click?upn=u001.lQOXq-2BZYS347T1f4148jjK2b3GmUBOO4BcX4FAhR-2FYtREGcbfp3cFR9PyN3JelrbQwWE_gS-2Fs9hx-2FSkZHX1ENp16SoqEaxNdwbfL5V7o4zb83U3vcPYZoBy14pa0Ngy8-2BOPQXRagn-2FTtZlyZaTl-2BECUofNUMYMiWl7EBEYxf60-2F5qEfkS74UL4n1AtVV9vSemi9EX8lkiSb-2B0kFErYrt-2BUfbfdcxtwLQgC8Vcm0LIbSAJsyKj5-2BJfx5Y2LonfTOyxgX-2FccV45VqQNUvLvfbakkz0DhEAg0HOjB59cuAcO44JuKRiMddOKYU9t738qtTiAB57AGNL99Zgn9kneTlJXeRl1VpqnEcqrLwlmXTQbR1LM6CdchJgvvlf1ZFw3xoBW92MUiaXfXlSnqbuMWqmLu-2Bp4z5LFZvqjKMw0W4kA4xiO-2BqlUmh-2FkCkajpLHTozmT8lJqJBkM7OEjk9OB2vwQiWlIHvm-2F6P48-2FgZZ5myQZIeITTkOu1QSTM8PdZLZ-2B9F2dmJcwXqKq5b-2FX6ekVdpeZsclVxBAlYYMf0-2B5sZ8Ixbm-2B3f55u1HEzvcpKqEd-2FRxv3lrecYorFk-2Fc5A25PUtmNmYceIQmzKehf6IA3-2Bw9CG9AWhLZQOpamZW9co8-2FACsewgOWndfNso55D-2FEoj0rdwo7i8yCWBpJMxUoCRzU9zc4RIQDY8-2BvZA5OsSVYsM4hJubbzUDNH3NUHF3yb04iPMad0ms5f4sykQRQcpbC-2Bv3SzXF3hFOPTI8TFTX7weOeFiARIc89ues3TQCZbTKaEfSDauIzaefxSIymKPADZvmNQATajVp0DvIEhoXtgxYYLsKbD0muAD4QSSWZ8voVU5V0fFg-3D-3D ) Release Notes ( https://link.email.upwork.com/ls/click?upn=u001.lQOXq-2BZYS347T1f4148jjK2b3GmUBOO4BcX4FAhR-2FYuvGClb7GzTP5hCH-2BDlyMAB7yaDGwxUVo3LBr-2Fynjev5w-3D-3DAMbn_gS-2Fs9hx-2FSkZHX1ENp16SoqEaxNdwbfL5V7o4zb83U3vcPYZoBy14pa0Ngy8-2BOPQXRagn-2FTtZlyZaTl-2BECUofNUMYMiWl7EBEYxf60-2F5qEfkS74UL4n1AtVV9vSemi9EX8lkiSb-2B0kFErYrt-2BUfbfdcxtwLQgC8Vcm0LIbSAJsyKj5-2BJfx5Y2LonfTOyxgX-2FccV45VqQNUvLvfbakkz0DhEAg0HOjB59cuAcO44JuKRiMddOKYU9t738qtTiAB57AGNL99Zgn9kneTlJXeRl1VpqnEcqrLwlmXTQbR1LM6CdchJgvvlf1ZFw3xoBW92MUiaXfXlSnqbuMWqmLu-2Bp4z5LFZvqjKMw0W4kA4xiO-2BqlUmh-2FkCkajpLHTozmT8lJqJBkM7OEjk9OB2vwQiWlIHvm-2F6P48-2FgZZ5myQZIeITTkOu1QSTM8PdZLZ-2B9F2dmJcwXqKq5b-2FX6ekVdpeZsclVxBAlYYMf0-2B5sZ8Ixbm-2B3f55u1HEzvcpKqEd-2FRxv3lrecYorFk-2Fc5A25PUtmNmYceIQmzKehf6IA3-2Bw9CG9AWhLZQOpamZW9co8-2FACsewgOWndfNso55D-2FEoj0rdwo7i8yCWBpJMxUoCRzU9zc4RIQDY8-2BvZA5OsSVYsM4hJubbzOfGVveGaeuYEYT0Ghag9amtSRgdw8FaLfDjdbwciZQGBJVNG-2F-2BNVceeqC6bHVY48lttbHJH93sSUGtWIxkibs5fL1SmvaDJF2KKoGcOIB7Em4siwYJ-2BwdCwGBn0WnXJnj5x5mMAW6mzVNBg9R-2FA2Og-3D-3D ) Log In ( https://link.email.upwork.com/ls/click?upn=u001.lQOXq-2BZYS347T1f4148jjK2b3GmUBOO4BcX4FAhR-2FYu68iIaCoPm4mF9F4tqQ8YH6pR7V-2Bnx-2Fa5q1135MkqJChGb5A8v5DnmJex7oiY0v-2Fk-3D1UGC_gS-2Fs9hx-2FSkZHX1ENp16SoqEaxNdwbfL5V7o4zb83U3vcPYZoBy14pa0Ngy8-2BOPQXRagn-2FTtZlyZaTl-2BECUofNUMYMiWl7EBEYxf60-2F5qEfkS74UL4n1AtVV9vSemi9EX8lkiSb-2B0kFErYrt-2BUfbfdcxtwLQgC8Vcm0LIbSAJsyKj5-2BJfx5Y2LonfTOyxgX-2FccV45VqQNUvLvfbakkz0DhEAg0HOjB59cuAcO44JuKRiMddOKYU9t738qtTiAB57AGNL99Zgn9kneTlJXeRl1VpqnEcqrLwlmXTQbR1LM6CdchJgvvlf1ZFw3xoBW92MUiaXfXlSnqbuMWqmLu-2Bp4z5LFZvqjKMw0W4kA4xiO-2BqlUmh-2FkCkajpLHTozmT8lJqJBkM7OEjk9OB2vwQiWlIHvm-2F6P48-2FgZZ5myQZIeITTkOu1QSTM8PdZLZ-2B9F2dmJcwXqKq5b-2FX6ekVdpeZsclVxBAlYYMf0-2B5sZ8Ixbm-2B3f55u1HEzvcpKqEd-2FRxv3lrecYorFk-2Fc5A25PUtmNmYceIQmzKehf6IA3-2Bw9CG9AWhLZQOpamZW9co8-2FACsewgOWndfNso55D-2FEoj0rdwo7i8yCWBpJMxUoCRzU9zc4RIQDY8-2BvZA5OsSVYsM4hJubbzHvMmFONR1XwUkxIGPoYG9fEMvKtyX97c8rD-2FYdlx0fCPF40v9KM-2FGbxmnaCiS9swGyTqT2MYaJ3cFEIHHK7AKknGnOAKUAag9QBWu21FLNdHE9fY5OWuTNFJe5qUmKPUvYv72M-2FHLGCB968ozaCilw-3D-3D ) ( https://link.email.upwork.com/ls/click?upn=u001.lQOXq-2BZYS347T1f4148jjN9Lhf-2FaHPO7BtcD4IXKBcY-3DP_5t_gS-2Fs9hx-2FSkZHX1ENp16SoqEaxNdwbfL5V7o4zb83U3vcPYZoBy14pa0Ngy8-2BOPQXRagn-2FTtZlyZaTl-2BECUofNUMYMiWl7EBEYxf60-2F5qEfkS74UL4n1AtVV9vSemi9EX8lkiSb-2B0kFErYrt-2BUfbfdcxtwLQgC8Vcm0LIbSAJsyKj5-2BJfx5Y2LonfTOyxgX-2FccV45VqQNUvLvfbakkz0DhEAg0HOjB59cuAcO44JuKRiMddOKYU9t738qtTiAB57AGNL99Zgn9kneTlJXeRl1VpqnEcqrLwlmXTQbR1LM6CdchJgvvlf1ZFw3xoBW92MUiaXfXlSnqbuMWqmLu-2Bp4z5LFZvqjKMw0W4kA4xiO-2BqlUmh-2FkCkajpLHTozmT8lJqJBkM7OEjk9OB2vwQiWlIHvm-2F6P48-2FgZZ5myQZIeITTkOu1QSTM8PdZLZ-2B9F2dmJcwXqKq5b-2FX6ekVdpeZsclVxBAlYYMf0-2B5sZ8Ixbm-2B3f55u1HEzvcpKqEd-2FRxv3lrecYorFk-2Fc5A25PUtmNmYceIQmzKehf6IA3-2Bw9CG9AWhLZQOpamZW9co8-2FACsewgOWndfNso55D-2FEoj0rdwo7i8yCWBpJMxUoCRzU9zc4RIQDY8-2BvZA5OsSVYsM4hJubbzJgZ-2BF9LSXsUhIoF-2BaALE-2BEvBDnCX-2Fqk-2FaveiNvilDE-2FvFaQfKfShfPCNvlxGWYfus5qaFYbpuGch61pIgmMGGdqd6Z1WPpoyyY-2BWn47QTAmQGkL4jsG4qlL3vTohtw8zflUSbdw6Bz5id4bWeosTHg-3D-3D ) Welcome to Upwork! We encourage you to take advantage of the knowledge resources available to you and offer these as a start: How To Use Upwork as a Freelancer ( https://link.email.upwork.com/ls/click?upn=u001.lQOXq-2BZYS347T1f4148jjK2b3GmUBOO4BcX4FAhR-2FYu2qZEGA9YPTJ4XYvH9lfd6EFe5jx-2B6kpKUNZw4a1ot8w-3D-3DccqU_gS-2Fs9hx-2FSkZHX1ENp16SoqEaxNdwbfL5V7o4zb83U3vcPYZoBy14pa0Ngy8-2BOPQXRagn-2FTtZlyZaTl-2BECUofNUMYMiWl7EBEYxf60-2F5qEfkS74UL4n1AtVV9vSemi9EX8lkiSb-2B0kFErYrt-2BUfbfdcxtwLQgC8Vcm0LIbSAJsyKj5-2BJfx5Y2LonfTOyxgX-2FccV45VqQNUvLvfbakkz0DhEAg0HOjB59cuAcO44JuKRiMddOKYU9t738qtTiAB57AGNL99Zgn9kneTlJXeRl1VpqnEcqrLwlmXTQbR1LM6CdchJgvvlf1ZFw3xoBW92MUiaXfXlSnqbuMWqmLu-2Bp4z5LFZvqjKMw0W4kA4xiO-2BqlUmh-2FkCkajpLHTozmT8lJqJBkM7OEjk9OB2vwQiWlIHvm-2F6P48-2FgZZ5myQZIeITTkOu1QSTM8PdZLZ-2B9F2dmJcwXqKq5b-2FX6ekVdpeZsclVxBAlYYMf0-2B5sZ8Ixbm-2B3f55u1HEzvcpKqEd-2FRxv3lrecYorFk-2Fc5A25PUtmNmYceIQmzKehf6IA3-2Bw9CG9AWhLZQOpamZW9co8-2FACsewgOWndfNso55D-2FEoj0rdwo7i8yCWBpJMxUoCRzU9zc4RIQDY8-2BvZA5OsSVYsM4hJubbzLFZJDqh5J9iaM1IrGLD3qCC3mAh-2BuiqNUOGgrO-2FOplUKq2aJsVcEXy-2FjWdkHQP6AUcn-2Fzp85m1EVpH3VxSUkhPHJS0po3rcChTPDEtoF-2BovFeiWPiMtAr5PSKS5YUAQciAcc3pF86QBpN0zM7hqIXg-3D-3D ) How To Use Upwork as a Freelancer ( https://link.email.upwork.com/ls/click?upn=u001.lQOXq-2BZYS347T1f4148jjK2b3GmUBOO4BcX4FAhR-2FYu2qZEGA9YPTJ4XYvH9lfd6EFe5jx-2B6kpKUNZw4a1ot8w-3D-3D6jCc_gS-2Fs9hx-2FSkZHX1ENp16SoqEaxNdwbfL5V7o4zb83U3vcPYZoBy14pa0Ngy8-2BOPQXRagn-2FTtZlyZaTl-2BECUofNUMYMiWl7EBEYxf60-2F5qEfkS74UL4n1AtVV9vSemi9EX8lkiSb-2B0kFErYrt-2BUfbfdcxtwLQgC8Vcm0LIbSAJsyKj5-2BJfx5Y2LonfTOyxgX-2FccV45VqQNUvLvfbakkz0DhEAg0HOjB59cuAcO44JuKRiMddOKYU9t738qtTiAB57AGNL99Zgn9kneTlJXeRl1VpqnEcqrLwlmXTQbR1LM6CdchJgvvlf1ZFw3xoBW92MUiaXfXlSnqbuMWqmLu-2Bp4z5LFZvqjKMw0W4kA4xiO-2BqlUmh-2FkCkajpLHTozmT8lJqJBkM7OEjk9OB2vwQiWlIHvm-2F6P48-2FgZZ5myQZIeITTkOu1QSTM8PdZLZ-2B9F2dmJcwXqKq5b-2FX6ekVdpeZsclVxBAlYYMf0-2B5sZ8Ixbm-2B3f55u1HEzvcpKqEd-2FRxv3lrecYorFk-2Fc5A25PUtmNmYceIQmzKehf6IA3-2Bw9CG9AWhLZQOpamZW9co8-2FACsewgOWndfNso55D-2FEoj0rdwo7i8yCWBpJMxUoCRzU9zc4RIQDY8-2BvZA5OsSVYsM4hJubbzcOUmtQXA7dDLXM6GlDKWq37gKJAHiXMQFpj1-2B6XyAAkjgO4vmEwCK0Dx39JwHGvaJcPY-2Fe2sWZx1G6SiEYGDnpU60J1Rnr8QY40err6LY0Lof4InGdqxXzJ4Cxv2aSF6jchLD7ACm0t0IMyO29i4yw-3D-3D ) Learn more ( https://link.email.upwork.com/ls/click?upn=u001.lQOXq-2BZYS347T1f4148jjK2b3GmUBOO4BcX4FAhR-2FYu2qZEGA9YPTJ4XYvH9lfd6EFe5jx-2B6kpKUNZw4a1ot8w-3D-3Dfd2-_gS-2Fs9hx-2FSkZHX1ENp16SoqEaxNdwbfL5V7o4zb83U3vcPYZoBy14pa0Ngy8-2BOPQXRagn-2FTtZlyZaTl-2BECUofNUMYMiWl7EBEYxf60-2F5qEfkS74UL4n1AtVV9vSemi9EX8lkiSb-2B0kFErYrt-2BUfbfdcxtwLQgC8Vcm0LIbSAJsyKj5-2BJfx5Y2LonfTOyxgX-2FccV45VqQNUvLvfbakkz0DhEAg0HOjB59cuAcO44JuKRiMddOKYU9t738qtTiAB57AGNL99Zgn9kneTlJXeRl1VpqnEcqrLwlmXTQbR1LM6CdchJgvvlf1ZFw3xoBW92MUiaXfXlSnqbuMWqmLu-2Bp4z5LFZvqjKMw0W4kA4xiO-2BqlUmh-2FkCkajpLHTozmT8lJqJBkM7OEjk9OB2vwQiWlIHvm-2F6P48-2FgZZ5myQZIeITTkOu1QSTM8PdZLZ-2B9F2dmJcwXqKq5b-2FX6ekVdpeZsclVxBAlYYMf0-2B5sZ8Ixbm-2B3f55u1HEzvcpKqEd-2FRxv3lrecYorFk-2Fc5A25PUtmNmYceIQmzKehf6IA3-2Bw9CG9AWhLZQOpamZW9co8-2FACsewgOWndfNso55D-2FEoj0rdwo7i8yCWBpJMxUoCRzU9zc4RIQDY8-2BvZA5OsSVYsM4hJubbz5uREcfMPh0J1CbzE4AE4RzgbG7iD4cAFjauafTN08o8-2FuuCTTdn55jwm4ps8Lt6GFPmeiLfbVAR6aCpVPHV8cB47jToZ4w-2FzbeHgSGKOPybnOq74rqoDIXolP8TbsnT7iC9Cbo1Iwg5iDvw-2BP0JS5A-3D-3D ) Top Freelancing Tips for Success ( https://link.email.upwork.com/ls/click?upn=u001.lQOXq-2BZYS347T1f4148jjK2b3GmUBOO4BcX4FAhR-2FYsddiz7ApfWdCPv9oIKz300TQTenEMSmQD-2BRFLntLKCVkS8xapaW-2FWCVYfj-2BTcplbfMgH-2FMRS4HLD4ERKmCOPUkB1eR_gS-2Fs9hx-2FSkZHX1ENp16SoqEaxNdwbfL5V7o4zb83U3vcPYZoBy14pa0Ngy8-2BOPQXRagn-2FTtZlyZaTl-2BECUofNUMYMiWl7EBEYxf60-2F5qEfkS74UL4n1AtVV9vSemi9EX8lkiSb-2B0kFErYrt-2BUfbfdcxtwLQgC8Vcm0LIbSAJsyKj5-2BJfx5Y2LonfTOyxgX-2FccV45VqQNUvLvfbakkz0DhEAg0HOjB59cuAcO44JuKRiMddOKYU9t738qtTiAB57AGNL99Zgn9kneTlJXeRl1VpqnEcqrLwlmXTQbR1LM6CdchJgvvlf1ZFw3xoBW92MUiaXfXlSnqbuMWqmLu-2Bp4z5LFZvqjKMw0W4kA4xiO-2BqlUmh-2FkCkajpLHTozmT8lJqJBkM7OEjk9OB2vwQiWlIHvm-2F6P48-2FgZZ5myQZIeITTkOu1QSTM8PdZLZ-2B9F2dmJcwXqKq5b-2FX6ekVdpeZsclVxBAlYYMf0-2B5sZ8Ixbm-2B3f55u1HEzvcpKqEd-2FRxv3lrecYorFk-2Fc5A25PUtmNmYceIQmzKehf6IA3-2Bw9CG9AWhLZQOpamZW9co8-2FACsewgOWndfNso55D-2FEoj0rdwo7i8yCWBpJMxUoCRzU9zc4RIQDY8-2BvZA5OsSVYsM4hJubbz-2Bv3z-2FvmDL7pli80Tan3Cbr-2BAVFeyqvFV4rkrtBJr0lxvp76RF-2BoSrcU-2BDCJTm8paQnw0C6s5IlXGMxJEUDnBvd1RnGeRorVnbjJ35qWIh6mEhgqUOOXP1Pye1DNwpujg5MLgBerXYJLTFsEfE5dvmw-3D-3D ) Top Freelancing Tips for Success ( https://link.email.upwork.com/ls/click?upn=u001.lQOXq-2BZYS347T1f4148jjK2b3GmUBOO4BcX4FAhR-2FYsddiz7ApfWdCPv9oIKz300TQTenEMSmQD-2BRFLntLKCVkS8xapaW-2FWCVYfj-2BTcplbfMgH-2FMRS4HLD4ERKmCOPUkLgi5_gS-2Fs9hx-2FSkZHX1ENp16SoqEaxNdwbfL5V7o4zb83U3vcPYZoBy14pa0Ngy8-2BOPQXRagn-2FTtZlyZaTl-2BECUofNUMYMiWl7EBEYxf60-2F5qEfkS74UL4n1AtVV9vSemi9EX8lkiSb-2B0kFErYrt-2BUfbfdcxtwLQgC8Vcm0LIbSAJsyKj5-2BJfx5Y2LonfTOyxgX-2FccV45VqQNUvLvfbakkz0DhEAg0HOjB59cuAcO44JuKRiMddOKYU9t738qtTiAB57AGNL99Zgn9kneTlJXeRl1VpqnEcqrLwlmXTQbR1LM6CdchJgvvlf1ZFw3xoBW92MUiaXfXlSnqbuMWqmLu-2Bp4z5LFZvqjKMw0W4kA4xiO-2BqlUmh-2FkCkajpLHTozmT8lJqJBkM7OEjk9OB2vwQiWlIHvm-2F6P48-2FgZZ5myQZIeITTkOu1QSTM8PdZLZ-2B9F2dmJcwXqKq5b-2FX6ekVdpeZsclVxBAlYYMf0-2B5sZ8Ixbm-2B3f55u1HEzvcpKqEd-2FRxv3lrecYorFk-2Fc5A25PUtmNmYceIQmzKehf6IA3-2Bw9CG9AWhLZQOpamZW9co8-2FACsewgOWndfNso55D-2FEoj0rdwo7i8yCWBpJMxUoCRzU9zc4RIQDY8-2BvZA5OsSVYsM4hJubbze2VFPQ3dz8ub-2Bk78vMuqhGwMcOcWxmcYPR-2B6bbo5flmRwE7pufhz-2BjLl-2B6mROIGFMT9Kg1jcf-2BWqYwrn1qVervMCosmG8GOEFSd8TEPdm3O-2BjAOGeBwJbHajkAGs6QfF2L6yT4OYCktENganB-2B0iAA-3D-3D ) Learn more ( https://link.email.upwork.com/ls/click?upn=u001.lQOXq-2BZYS347T1f4148jjK2b3GmUBOO4BcX4FAhR-2FYsddiz7ApfWdCPv9oIKz300TQTenEMSmQD-2BRFLntLKCVkS8xapaW-2FWCVYfj-2BTcplbfMgH-2FMRS4HLD4ERKmCOPUkJZA6_gS-2Fs9hx-2FSkZHX1ENp16SoqEaxNdwbfL5V7o4zb83U3vcPYZoBy14pa0Ngy8-2BOPQXRagn-2FTtZlyZaTl-2BECUofNUMYMiWl7EBEYxf60-2F5qEfkS74UL4n1AtVV9vSemi9EX8lkiSb-2B0kFErYrt-2BUfbfdcxtwLQgC8Vcm0LIbSAJsyKj5-2BJfx5Y2LonfTOyxgX-2FccV45VqQNUvLvfbakkz0DhEAg0HOjB59cuAcO44JuKRiMddOKYU9t738qtTiAB57AGNL99Zgn9kneTlJXeRl1VpqnEcqrLwlmXTQbR1LM6CdchJgvvlf1ZFw3xoBW92MUiaXfXlSnqbuMWqmLu-2Bp4z5LFZvqjKMw0W4kA4xiO-2BqlUmh-2FkCkajpLHTozmT8lJqJBkM7OEjk9OB2vwQiWlIHvm-2F6P48-2FgZZ5myQZIeITTkOu1QSTM8PdZLZ-2B9F2dmJcwXqKq5b-2FX6ekVdpeZsclVxBAlYYMf0-2B5sZ8Ixbm-2B3f55u1HEzvcpKqEd-2FRxv3lrecYorFk-2Fc5A25PUtmNmYceIQmzKehf6IA3-2Bw9CG9AWhLZQOpamZW9co8-2FACsewgOWndfNso55D-2FEoj0rdwo7i8yCWBpJMxUoCRzU9zc4RIQDY8-2BvZA5OsSVYsM4hJubbzfypOVvu1UkzO-2FWYXqep59kmfRHGgxO1HY0r2baM17db7jbllwBSHa6CakdGJ4h2xwsVz4qhe4m2lq5mf2P3PJtaNZgpE9rt-2FyFBCvVYuSzjAP571XuCOk8UoLAfKF5B0l-2FVgsEB8A7pgCxVzGYT0vQ-3D-3D ) 11 Upwork Profile Examples for Freelance Beginners ( https://link.email.upwork.com/ls/click?upn=u001.lQOXq-2BZYS347T1f4148jjK2b3GmUBOO4BcX4FAhR-2FYu2qZEGA9YPTJ4XYvH9lfd6w7-2Bztsn7Q1Mv2-2FsYjcjVxIpm0rDFHggpqmyXymtZJEg-3D95wd_gS-2Fs9hx-2FSkZHX1ENp16SoqEaxNdwbfL5V7o4zb83U3vcPYZoBy14pa0Ngy8-2BOPQXRagn-2FTtZlyZaTl-2BECUofNUMYMiWl7EBEYxf60-2F5qEfkS74UL4n1AtVV9vSemi9EX8lkiSb-2B0kFErYrt-2BUfbfdcxtwLQgC8Vcm0LIbSAJsyKj5-2BJfx5Y2LonfTOyxgX-2FccV45VqQNUvLvfbakkz0DhEAg0HOjB59cuAcO44JuKRiMddOKYU9t738qtTiAB57AGNL99Zgn9kneTlJXeRl1VpqnEcqrLwlmXTQbR1LM6CdchJgvvlf1ZFw3xoBW92MUiaXfXlSnqbuMWqmLu-2Bp4z5LFZvqjKMw0W4kA4xiO-2BqlUmh-2FkCkajpLHTozmT8lJqJBkM7OEjk9OB2vwQiWlIHvm-2F6P48-2FgZZ5myQZIeITTkOu1QSTM8PdZLZ-2B9F2dmJcwXqKq5b-2FX6ekVdpeZsclVxBAlYYMf0-2B5sZ8Ixbm-2B3f55u1HEzvcpKqEd-2FRxv3lrecYorFk-2Fc5A25PUtmNmYceIQmzKehf6IA3-2Bw9CG9AWhLZQOpamZW9co8-2FACsewgOWndfNso55D-2FEoj0rdwo7i8yCWBpJMxUoCRzU9zc4RIQDY8-2BvZA5OsSVYsM4hJubbzH8wJxQ9QvadzYMscnxKjSlDX5pNz9azP-2FGXOaGNTIyfjRnbUhFa-2FpYFgwxE3VaqOMKpIpbHA8rxDaxx1mhEaAUCmJ5Xdpc5J4eDRIuiOmtvwszsQhsiwDYCikNybLgWx9MDflxTVfKLlbOVr9sqURQ-3D-3D ) 11 Upwork Profile Examples for Freelance Beginners ( https://link.email.upwork.com/ls/click?upn=u001.lQOXq-2BZYS347T1f4148jjK2b3GmUBOO4BcX4FAhR-2FYu2qZEGA9YPTJ4XYvH9lfd6w7-2Bztsn7Q1Mv2-2FsYjcjVxIpm0rDFHggpqmyXymtZJEg-3DyKOP_gS-2Fs9hx-2FSkZHX1ENp16SoqEaxNdwbfL5V7o4zb83U3vcPYZoBy14pa0Ngy8-2BOPQXRagn-2FTtZlyZaTl-2BECUofNUMYMiWl7EBEYxf60-2F5qEfkS74UL4n1AtVV9vSemi9EX8lkiSb-2B0kFErYrt-2BUfbfdcxtwLQgC8Vcm0LIbSAJsyKj5-2BJfx5Y2LonfTOyxgX-2FccV45VqQNUvLvfbakkz0DhEAg0HOjB59cuAcO44JuKRiMddOKYU9t738qtTiAB57AGNL99Zgn9kneTlJXeRl1VpqnEcqrLwlmXTQbR1LM6CdchJgvvlf1ZFw3xoBW92MUiaXfXlSnqbuMWqmLu-2Bp4z5LFZvqjKMw0W4kA4xiO-2BqlUmh-2FkCkajpLHTozmT8lJqJBkM7OEjk9OB2vwQiWlIHvm-2F6P48-2FgZZ5myQZIeITTkOu1QSTM8PdZLZ-2B9F2dmJcwXqKq5b-2FX6ekVdpeZsclVxBAlYYMf0-2B5sZ8Ixbm-2B3f55u1HEzvcpKqEd-2FRxv3lrecYorFk-2Fc5A25PUtmNmYceIQmzKehf6IA3-2Bw9CG9AWhLZQOpamZW9co8-2FACsewgOWndfNso55D-2FEoj0rdwo7i8yCWBpJMxUoCRzU9zc4RIQDY8-2BvZA5OsSVYsM4hJubbz3aOJqRz8IQ5wZsDP7pXFjmFBMR6tQ0N3QNF9Zluj0K8bt-2FvmxHFpGKyht9QziqeQz7B62TP1J32le00DWp-2Fqo2sLzRr-2FehuWlWxzcOLaAcl6Lh1J-2BUiuKZXllG5uoJui-2FtObQv9Iwlo8JbwS1DgwzA-3D-3D ) Learn more ( https://link.email.upwork.com/ls/click?upn=u001.lQOXq-2BZYS347T1f4148jjK2b3GmUBOO4BcX4FAhR-2FYu2qZEGA9YPTJ4XYvH9lfd6w7-2Bztsn7Q1Mv2-2FsYjcjVxIpm0rDFHggpqmyXymtZJEg-3D2Gvv_gS-2Fs9hx-2FSkZHX1ENp16SoqEaxNdwbfL5V7o4zb83U3vcPYZoBy14pa0Ngy8-2BOPQXRagn-2FTtZlyZaTl-2BECUofNUMYMiWl7EBEYxf60-2F5qEfkS74UL4n1AtVV9vSemi9EX8lkiSb-2B0kFErYrt-2BUfbfdcxtwLQgC8Vcm0LIbSAJsyKj5-2BJfx5Y2LonfTOyxgX-2FccV45VqQNUvLvfbakkz0DhEAg0HOjB59cuAcO44JuKRiMddOKYU9t738qtTiAB57AGNL99Zgn9kneTlJXeRl1VpqnEcqrLwlmXTQbR1LM6CdchJgvvlf1ZFw3xoBW92MUiaXfXlSnqbuMWqmLu-2Bp4z5LFZvqjKMw0W4kA4xiO-2BqlUmh-2FkCkajpLHTozmT8lJqJBkM7OEjk9OB2vwQiWlIHvm-2F6P48-2FgZZ5myQZIeITTkOu1QSTM8PdZLZ-2B9F2dmJcwXqKq5b-2FX6ekVdpeZsclVxBAlYYMf0-2B5sZ8Ixbm-2B3f55u1HEzvcpKqEd-2FRxv3lrecYorFk-2Fc5A25PUtmNmYceIQmzKehf6IA3-2Bw9CG9AWhLZQOpamZW9co8-2FACsewgOWndfNso55D-2FEoj0rdwo7i8yCWBpJMxUoCRzU9zc4RIQDY8-2BvZA5OsSVYsM4hJubbzgf2kKsFo67U9sq0LbkWGeWM1g-2FgV71V8GRH58WPDgIjLjQxqJ6QtBRVY-2Bs1l7dkmbWWXOs4E0oO9Xi3lztQ604QjcMTJdI-2Fyunw0mfVlos0-2BjQeoYPCwiF7IKyINKu8uH4-2FzbnhYTDk30LXB51ovZA-3D-3D ) We will share more resources with you over the next few days to help you set up for success. Visit Help Center ( https://link.email.upwork.com/ls/click?upn=u001.lQOXq-2BZYS347T1f4148jjPuk5ZP4l6Y0BJ4kcmGEbfkd-2BS-2FJ2sh83bISmu-2BF7n8-2FEED0_gS-2Fs9hx-2FSkZHX1ENp16SoqEaxNdwbfL5V7o4zb83U3vcPYZoBy14pa0Ngy8-2BOPQXRagn-2FTtZlyZaTl-2BECUofNUMYMiWl7EBEYxf60-2F5qEfkS74UL4n1AtVV9vSemi9EX8lkiSb-2B0kFErYrt-2BUfbfdcxtwLQgC8Vcm0LIbSAJsyKj5-2BJfx5Y2LonfTOyxgX-2FccV45VqQNUvLvfbakkz0DhEAg0HOjB59cuAcO44JuKRiMddOKYU9t738qtTiAB57AGNL99Zgn9kneTlJXeRl1VpqnEcqrLwlmXTQbR1LM6CdchJgvvlf1ZFw3xoBW92MUiaXfXlSnqbuMWqmLu-2Bp4z5LFZvqjKMw0W4kA4xiO-2BqlUmh-2FkCkajpLHTozmT8lJqJBkM7OEjk9OB2vwQiWlIHvm-2F6P48-2FgZZ5myQZIeITTkOu1QSTM8PdZLZ-2B9F2dmJcwXqKq5b-2FX6ekVdpeZsclVxBAlYYMf0-2B5sZ8Ixbm-2B3f55u1HEzvcpKqEd-2FRxv3lrecYorFk-2Fc5A25PUtmNmYceIQmzKehf6IA3-2Bw9CG9AWhLZQOpamZW9co8-2FACsewgOWndfNso55D-2FEoj0rdwo7i8yCWBpJMxUoCRzU9zc4RIQDY8-2BvZA5OsSVYsM4hJubbzzdpgf-2FG-2F-2F4xJFK5D3xfFUEw-2FhoQ-2BwfE9dyTxYoJ3kBJwP-2FHrZCwled-2BZ2w-2B8-2FVHsJ6UJRmaaHcnKPorjzQb4bY4hJ9Z72PAsVyrNLo2E8XWP0GLOzTlo4H7XelZxUJxtH7f5oWRRPQlvX0Gug6JgTg-3D-3D ) Mobile app Download Upwork App for iPhone ( https://link.email.upwork.com/ls/click?upn=u001.lQOXq-2BZYS347T1f4148jjJ03OYUpu2HJ8XN9h-2BBezQCFadeHcWPRUzJwmxII-2BiY10hYp7JW1r3RwZ0TbPVQ-2FdA-3D-3D_fiP_gS-2Fs9hx-2FSkZHX1ENp16SoqEaxNdwbfL5V7o4zb83U3vcPYZoBy14pa0Ngy8-2BOPQXRagn-2FTtZlyZaTl-2BECUofNUMYMiWl7EBEYxf60-2F5qEfkS74UL4n1AtVV9vSemi9EX8lkiSb-2B0kFErYrt-2BUfbfdcxtwLQgC8Vcm0LIbSAJsyKj5-2BJfx5Y2LonfTOyxgX-2FccV45VqQNUvLvfbakkz0DhEAg0HOjB59cuAcO44JuKRiMddOKYU9t738qtTiAB57AGNL99Zgn9kneTlJXeRl1VpqnEcqrLwlmXTQbR1LM6CdchJgvvlf1ZFw3xoBW92MUiaXfXlSnqbuMWqmLu-2Bp4z5LFZvqjKMw0W4kA4xiO-2BqlUmh-2FkCkajpLHTozmT8lJqJBkM7OEjk9OB2vwQiWlIHvm-2F6P48-2FgZZ5myQZIeITTkOu1QSTM8PdZLZ-2B9F2dmJcwXqKq5b-2FX6ekVdpeZsclVxBAlYYMf0-2B5sZ8Ixbm-2B3f55u1HEzvcpKqEd-2FRxv3lrecYorFk-2Fc5A25PUtmNmYceIQmzKehf6IA3-2Bw9CG9AWhLZQOpamZW9co8-2FACsewgOWndfNso55D-2FEoj0rdwo7i8yCWBpJMxUoCRzU9zc4RIQDY8-2BvZA5OsSVYsM4hJubbzeE7e87k9xxWsqi0hQN4wKDVVvq6T2naNrbTfFYAAfxJqQw-2FhOurjiObt85U2QpyEoTqR0nsDX7TS8apwBqKvxZL42zgLwx7wyaxhBwgmQzgyceNiBMGasMrMCofEKRHxVcYLoZINsIdvGLu-2FNm5KMw-3D-3D ) Download Upwork App for Android ( https://link.email.upwork.com/ls/click?upn=u001.lQOXq-2BZYS347T1f4148jjITqBbPq9-2FIcrjEjeXhURVVwVjIJE1AQznjirGRp3QmJMt4pZyjWaKnXeg-2B6VWWHQU-2B2vIZP7IFlsLPTbVkF0r1q6SG-2BnCpkSD6D0Dx7iOZZJCfz_gS-2Fs9hx-2FSkZHX1ENp16SoqEaxNdwbfL5V7o4zb83U3vcPYZoBy14pa0Ngy8-2BOPQXRagn-2FTtZlyZaTl-2BECUofNUMYMiWl7EBEYxf60-2F5qEfkS74UL4n1AtVV9vSemi9EX8lkiSb-2B0kFErYrt-2BUfbfdcxtwLQgC8Vcm0LIbSAJsyKj5-2BJfx5Y2LonfTOyxgX-2FccV45VqQNUvLvfbakkz0DhEAg0HOjB59cuAcO44JuKRiMddOKYU9t738qtTiAB57AGNL99Zgn9kneTlJXeRl1VpqnEcqrLwlmXTQbR1LM6CdchJgvvlf1ZFw3xoBW92MUiaXfXlSnqbuMWqmLu-2Bp4z5LFZvqjKMw0W4kA4xiO-2BqlUmh-2FkCkajpLHTozmT8lJqJBkM7OEjk9OB2vwQiWlIHvm-2F6P48-2FgZZ5myQZIeITTkOu1QSTM8PdZLZ-2B9F2dmJcwXqKq5b-2FX6ekVdpeZsclVxBAlYYMf0-2B5sZ8Ixbm-2B3f55u1HEzvcpKqEd-2FRxv3lrecYorFk-2Fc5A25PUtmNmYceIQmzKehf6IA3-2Bw9CG9AWhLZQOpamZW9co8-2FACsewgOWndfNso55D-2FEoj0rdwo7i8yCWBpJMxUoCRzU9zc4RIQDY8-2BvZA5OsSVYsM4hJubbzGTPbJjcvZ9pGCDWtYcIJKzPVzpKqrR-2B6rSrer4GZDNylqmsXSPOpPajIIN4jjV3P4Zjr8P11oXFCU189VYMKquuHDzMkXCtEnku5OQYuPjelrIoM9SoycpP6feLy4vCpvOZMUQdZqxcm5Bg3Xi4NxQ-3D-3D ) Follow us Facebook ( https://link.email.upwork.com/ls/click?upn=u001.lQOXq-2BZYS347T1f4148jjEP4h7Fy4jwHgyDMjFLSx-2FUuG7zaBSzfBdp7HTf-2F-2Fxg3KFpP_gS-2Fs9hx-2FSkZHX1ENp16SoqEaxNdwbfL5V7o4zb83U3vcPYZoBy14pa0Ngy8-2BOPQXRagn-2FTtZlyZaTl-2BECUofNUMYMiWl7EBEYxf60-2F5qEfkS74UL4n1AtVV9vSemi9EX8lkiSb-2B0kFErYrt-2BUfbfdcxtwLQgC8Vcm0LIbSAJsyKj5-2BJfx5Y2LonfTOyxgX-2FccV45VqQNUvLvfbakkz0DhEAg0HOjB59cuAcO44JuKRiMddOKYU9t738qtTiAB57AGNL99Zgn9kneTlJXeRl1VpqnEcqrLwlmXTQbR1LM6CdchJgvvlf1ZFw3xoBW92MUiaXfXlSnqbuMWqmLu-2Bp4z5LFZvqjKMw0W4kA4xiO-2BqlUmh-2FkCkajpLHTozmT8lJqJBkM7OEjk9OB2vwQiWlIHvm-2F6P48-2FgZZ5myQZIeITTkOu1QSTM8PdZLZ-2B9F2dmJcwXqKq5b-2FX6ekVdpeZsclVxBAlYYMf0-2B5sZ8Ixbm-2B3f55u1HEzvcpKqEd-2FRxv3lrecYorFk-2Fc5A25PUtmNmYceIQmzKehf6IA3-2Bw9CG9AWhLZQOpamZW9co8-2FACsewgOWndfNso55D-2FEoj0rdwo7i8yCWBpJMxUoCRzU9zc4RIQDY8-2BvZA5OsSVYsM4hJubbzfk6nx7g3MHvT2EbQdJIict-2Bwx4PfN0utjSZuQo-2BpkzLvlI2NHLNmcAtY1psw36VqBsFmqWKwhpV3WYCqfJ9vp3LR-2FpT-2FnTcTgVVuxEzg0m8VX4ipxY9b26G-2BNXkOjlC8-2BKmdheFWjtDBqPCAPKqLpA-3D-3D ) Linkedin ( https://link.email.upwork.com/ls/click?upn=u001.lQOXq-2BZYS347T1f4148jjMsdYE1auZOxW9f4MiMoBpwVBEudqWtgrg5UlMJVfVY3KFS67yFc8-2FlqTmaACdukKg-3D-3Dxt65_gS-2Fs9hx-2FSkZHX1ENp16SoqEaxNdwbfL5V7o4zb83U3vcPYZoBy14pa0Ngy8-2BOPQXRagn-2FTtZlyZaTl-2BECUofNUMYMiWl7EBEYxf60-2F5qEfkS74UL4n1AtVV9vSemi9EX8lkiSb-2B0kFErYrt-2BUfbfdcxtwLQgC8Vcm0LIbSAJsyKj5-2BJfx5Y2LonfTOyxgX-2FccV45VqQNUvLvfbakkz0DhEAg0HOjB59cuAcO44JuKRiMddOKYU9t738qtTiAB57AGNL99Zgn9kneTlJXeRl1VpqnEcqrLwlmXTQbR1LM6CdchJgvvlf1ZFw3xoBW92MUiaXfXlSnqbuMWqmLu-2Bp4z5LFZvqjKMw0W4kA4xiO-2BqlUmh-2FkCkajpLHTozmT8lJqJBkM7OEjk9OB2vwQiWlIHvm-2F6P48-2FgZZ5myQZIeITTkOu1QSTM8PdZLZ-2B9F2dmJcwXqKq5b-2FX6ekVdpeZsclVxBAlYYMf0-2B5sZ8Ixbm-2B3f55u1HEzvcpKqEd-2FRxv3lrecYorFk-2Fc5A25PUtmNmYceIQmzKehf6IA3-2Bw9CG9AWhLZQOpamZW9co8-2FACsewgOWndfNso55D-2FEoj0rdwo7i8yCWBpJMxUoCRzU9zc4RIQDY8-2BvZA5OsSVYsM4hJubbzcIHTiYgW0NsNl-2Bj65BRvUVZQRJXp4z2mDOIEWwkIEeaRjNQZTdorGSOBpu80INxjAvVWPXj5Y8Hqw7vvssTZpq1aIErLuRn4dlkcSso1-2FnzZpYzTeWTAsSWL8QW5ryOKekh81WbTdSiTfHfNWk7TGg-3D-3D ) X ( https://link.email.upwork.com/ls/click?upn=u001.lQOXq-2BZYS347T1f4148jjBB-2B3FSiBU2FY44YzXIni-2FnCDPnWvLaaW7tL65dggZbKzajf_gS-2Fs9hx-2FSkZHX1ENp16SoqEaxNdwbfL5V7o4zb83U3vcPYZoBy14pa0Ngy8-2BOPQXRagn-2FTtZlyZaTl-2BECUofNUMYMiWl7EBEYxf60-2F5qEfkS74UL4n1AtVV9vSemi9EX8lkiSb-2B0kFErYrt-2BUfbfdcxtwLQgC8Vcm0LIbSAJsyKj5-2BJfx5Y2LonfTOyxgX-2FccV45VqQNUvLvfbakkz0DhEAg0HOjB59cuAcO44JuKRiMddOKYU9t738qtTiAB57AGNL99Zgn9kneTlJXeRl1VpqnEcqrLwlmXTQbR1LM6CdchJgvvlf1ZFw3xoBW92MUiaXfXlSnqbuMWqmLu-2Bp4z5LFZvqjKMw0W4kA4xiO-2BqlUmh-2FkCkajpLHTozmT8lJqJBkM7OEjk9OB2vwQiWlIHvm-2F6P48-2FgZZ5myQZIeITTkOu1QSTM8PdZLZ-2B9F2dmJcwXqKq5b-2FX6ekVdpeZsclVxBAlYYMf0-2B5sZ8Ixbm-2B3f55u1HEzvcpKqEd-2FRxv3lrecYorFk-2Fc5A25PUtmNmYceIQmzKehf6IA3-2Bw9CG9AWhLZQOpamZW9co8-2FACsewgOWndfNso55D-2FEoj0rdwo7i8yCWBpJMxUoCRzU9zc4RIQDY8-2BvZA5OsSVYsM4hJubbz4AJAnmRPyVN2wC744K4i5CQWUDr24D32UyA1xjfEAEqBUxGmk2ch6POKbXudmUEg43Kfed7kQK4mVDWhwuJSUyUyQcxfaOhTzjvxGBXoR2BcXHEksk2hsHKHfEWSw-2BlzWr4cbkTQhn-2FdsVTD59ED4w-3D-3D ) YouTube ( https://link.email.upwork.com/ls/click?upn=u001.lQOXq-2BZYS347T1f4148jjEC9U1l-2BNdO1R8f1sSbLqxZhTD7faKnO5av3JJFI6VbNQUuguAKFFaDlN1puWqG5qSeJGeZ-2BScIxZCLwyRAUolY-3DLKXF_gS-2Fs9hx-2FSkZHX1ENp16SoqEaxNdwbfL5V7o4zb83U3vcPYZoBy14pa0Ngy8-2BOPQXRagn-2FTtZlyZaTl-2BECUofNUMYMiWl7EBEYxf60-2F5qEfkS74UL4n1AtVV9vSemi9EX8lkiSb-2B0kFErYrt-2BUfbfdcxtwLQgC8Vcm0LIbSAJsyKj5-2BJfx5Y2LonfTOyxgX-2FccV45VqQNUvLvfbakkz0DhEAg0HOjB59cuAcO44JuKRiMddOKYU9t738qtTiAB57AGNL99Zgn9kneTlJXeRl1VpqnEcqrLwlmXTQbR1LM6CdchJgvvlf1ZFw3xoBW92MUiaXfXlSnqbuMWqmLu-2Bp4z5LFZvqjKMw0W4kA4xiO-2BqlUmh-2FkCkajpLHTozmT8lJqJBkM7OEjk9OB2vwQiWlIHvm-2F6P48-2FgZZ5myQZIeITTkOu1QSTM8PdZLZ-2B9F2dmJcwXqKq5b-2FX6ekVdpeZsclVxBAlYYMf0-2B5sZ8Ixbm-2B3f55u1HEzvcpKqEd-2FRxv3lrecYorFk-2Fc5A25PUtmNmYceIQmzKehf6IA3-2Bw9CG9AWhLZQOpamZW9co8-2FACsewgOWndfNso55D-2FEoj0rdwo7i8yCWBpJMxUoCRzU9zc4RIQDY8-2BvZA5OsSVYsM4hJubbzFp-2B9V9yrSVwuGkiagMmVkB5VnEURXdX8v63UrwsLGTnyvXSE-2BPpiAR-2FXnWVbCOyzQgBPSF88tt8mcIJpIVSmoQPqetSvACq9H4WNXEvTCC3soG1Sfbnb7HAa6ya42rvJXhCI8h4RJT5PcAx0QK2vpw-3D-3D ) Instagram ( https://link.email.upwork.com/ls/click?upn=u001.lQOXq-2BZYS347T1f4148jjE2z8TJ-2FjKb5VkUkc3Xr5yi9PzkKXfuOErzUHtr-2BL-2B8KMk8d_gS-2Fs9hx-2FSkZHX1ENp16SoqEaxNdwbfL5V7o4zb83U3vcPYZoBy14pa0Ngy8-2BOPQXRagn-2FTtZlyZaTl-2BECUofNUMYMiWl7EBEYxf60-2F5qEfkS74UL4n1AtVV9vSemi9EX8lkiSb-2B0kFErYrt-2BUfbfdcxtwLQgC8Vcm0LIbSAJsyKj5-2BJfx5Y2LonfTOyxgX-2FccV45VqQNUvLvfbakkz0DhEAg0HOjB59cuAcO44JuKRiMddOKYU9t738qtTiAB57AGNL99Zgn9kneTlJXeRl1VpqnEcqrLwlmXTQbR1LM6CdchJgvvlf1ZFw3xoBW92MUiaXfXlSnqbuMWqmLu-2Bp4z5LFZvqjKMw0W4kA4xiO-2BqlUmh-2FkCkajpLHTozmT8lJqJBkM7OEjk9OB2vwQiWlIHvm-2F6P48-2FgZZ5myQZIeITTkOu1QSTM8PdZLZ-2B9F2dmJcwXqKq5b-2FX6ekVdpeZsclVxBAlYYMf0-2B5sZ8Ixbm-2B3f55u1HEzvcpKqEd-2FRxv3lrecYorFk-2Fc5A25PUtmNmYceIQmzKehf6IA3-2Bw9CG9AWhLZQOpamZW9co8-2FACsewgOWndfNso55D-2FEoj0rdwo7i8yCWBpJMxUoCRzU9zc4RIQDY8-2BvZA5OsSVYsM4hJubbzsnsWO9vzfsihS6hSQ3ewxKd93286GRJPb-2F5X0jDjcK3JGnSkdGZ-2B48zJkdQ5P0j1LM8xMFCZk7bUsxhZeQzzabl4a89n46wrOkqi2H5P45fFY-2BRCX0OFYIOen5qB5eHSLh6V9CD7b3smg4n4b4ZQUQ-3D-3D ) Privacy Policy ( https://link.email.upwork.com/ls/click?upn=u001.lQOXq-2BZYS347T1f4148jjK2b3GmUBOO4BcX4FAhR-2FYu1oU3C-2Fl32izT50ZLrn0KVgpUY_gS-2Fs9hx-2FSkZHX1ENp16SoqEaxNdwbfL5V7o4zb83U3vcPYZoBy14pa0Ngy8-2BOPQXRagn-2FTtZlyZaTl-2BECUofNUMYMiWl7EBEYxf60-2F5qEfkS74UL4n1AtVV9vSemi9EX8lkiSb-2B0kFErYrt-2BUfbfdcxtwLQgC8Vcm0LIbSAJsyKj5-2BJfx5Y2LonfTOyxgX-2FccV45VqQNUvLvfbakkz0DhEAg0HOjB59cuAcO44JuKRiMddOKYU9t738qtTiAB57AGNL99Zgn9kneTlJXeRl1VpqnEcqrLwlmXTQbR1LM6CdchJgvvlf1ZFw3xoBW92MUiaXfXlSnqbuMWqmLu-2Bp4z5LFZvqjKMw0W4kA4xiO-2BqlUmh-2FkCkajpLHTozmT8lJqJBkM7OEjk9OB2vwQiWlIHvm-2F6P48-2FgZZ5myQZIeITTkOu1QSTM8PdZLZ-2B9F2dmJcwXqKq5b-2FX6ekVdpeZsclVxBAlYYMf0-2B5sZ8Ixbm-2B3f55u1HEzvcpKqEd-2FRxv3lrecYorFk-2Fc5A25PUtmNmYceIQmzKehf6IA3-2Bw9CG9AWhLZQOpamZW9co8-2FACsewgOWndfNso55D-2FEoj0rdwo7i8yCWBpJMxUoCRzU9zc4RIQDY8-2BvZA5OsSVYsM4hJubbzh-2FynCEFbWjGPsvLMaG72vlaFXwf-2BrRJnjyuhdIjr3sgHrQnzS3dyc-2BL4UU6YFFkjEnMLI3WOna-2F5MkQ7rZEdzGY6UOyLFWX4OmtEw10qZIIsRmmgCyBUnqx9QyLVH3ta53eT3SR5ENuUe2hkVLqkTw-3D-3D ) Contact Support ( https://link.email.upwork.com/ls/click?upn=u001.lQOXq-2BZYS347T1f4148jjPuk5ZP4l6Y0BJ4kcmGEbfl0xN-2BCWYHnboUBqOQH03v1TExl_gS-2Fs9hx-2FSkZHX1ENp16SoqEaxNdwbfL5V7o4zb83U3vcPYZoBy14pa0Ngy8-2BOPQXRagn-2FTtZlyZaTl-2BECUofNUMYMiWl7EBEYxf60-2F5qEfkS74UL4n1AtVV9vSemi9EX8lkiSb-2B0kFErYrt-2BUfbfdcxtwLQgC8Vcm0LIbSAJsyKj5-2BJfx5Y2LonfTOyxgX-2FccV45VqQNUvLvfbakkz0DhEAg0HOjB59cuAcO44JuKRiMddOKYU9t738qtTiAB57AGNL99Zgn9kneTlJXeRl1VpqnEcqrLwlmXTQbR1LM6CdchJgvvlf1ZFw3xoBW92MUiaXfXlSnqbuMWqmLu-2Bp4z5LFZvqjKMw0W4kA4xiO-2BqlUmh-2FkCkajpLHTozmT8lJqJBkM7OEjk9OB2vwQiWlIHvm-2F6P48-2FgZZ5myQZIeITTkOu1QSTM8PdZLZ-2B9F2dmJcwXqKq5b-2FX6ekVdpeZsclVxBAlYYMf0-2B5sZ8Ixbm-2B3f55u1HEzvcpKqEd-2FRxv3lrecYorFk-2Fc5A25PUtmNmYceIQmzKehf6IA3-2Bw9CG9AWhLZQOpamZW9co8-2FACsewgOWndfNso55D-2FEoj0rdwo7i8yCWBpJMxUoCRzU9zc4RIQDY8-2BvZA5OsSVYsM4hJubbzq7Q0k4oup0tGIG0OX19y4iLtwbI6DvnSy94AZW6SGibnSrelKRjfNTVWukhgb9Vyoa1yN0gD1wq9kkOTQr2zSBZxAdEORttTILLOkddWWGI-2FQs8hvaUKm-2Bml7I6HpMo9HMQuNFPkt4uAAHevMnV8AQ-3D-3D ) Unsubscribe ( https://link.email.upwork.com/ls/click?upn=u001.lQOXq-2BZYS347T1f4148jjH5-2FzcyFbyyoAxXwIXruvaoGxByCO9VyJYeK20exdqaXcqR7VB8hTYaDd3Gh35WPHDNT7iLzkQaG5hLxWbri6yfl58H0xwkh3a4UD2j0CSs94rrfgbA7l9xbH3feyULVqcc0dp89QjwEtwxZ8iPnYIOQr2k7UvGbAQ3RL3qcfmaqFPWcuNM97TV1spEKV3zCOYxwVIM1ZHLm8HHawZmRPaTSMQg1YSlTa9GK-2FndZ8uVL-2BHnIAtNVlV8ri50wzt32i0E8m-2BmMTBA9flQOmlkbj9GsI9joJf87lgyB6yBbMfUfbKR9eVC8htMGmF8FcaMqydlv1PA1Z4RJvtXcBsT4qG9ZkEmOgm3tjTuOyy-2FUWzcLsUUclpAniipze06Zb6Rluk7g9uzS-2FUcdK5lAV-2FHGFQ0bf4PxV-2FGOF4ojpRdA8EMOLHUUDI6XQpQOKvmHrYUhoAjvw1V2-2BbHXTcdSs-2FklzLx5b3ZZa3e5MF7QOKFxM-2FC02-2BJWKp3Uttq-2FEDk8X5Vsp6WdPEINd04rVFD8REclfw1jw32jPkXa9vLXKtCpKjyFx2t4FNklBUdunGO1r-2FG8kTnxSRQ7iLmcFx9nSXKwzx7gfKGYFA3xqYeF0Pv8AWbGGkkOAiLq0Wu18ZX3Rz89qH0vEMYRpgoVZAZFIyQSmSUke87wnYJz-2F6OLFsW9YB3C7jKl_gS-2Fs9hx-2FSkZHX1ENp16SoqEaxNdwbfL5V7o4zb83U3vcPYZoBy14pa0Ngy8-2BOPQXRagn-2FTtZlyZaTl-2BECUofNUMYMiWl7EBEYxf60-2F5qEfkS74UL4n1AtVV9vSemi9EX8lkiSb-2B0kFErYrt-2BUfbfdcxtwLQgC8Vcm0LIbSAJsyKj5-2BJfx5Y2LonfTOyxgX-2FccV45VqQNUvLvfbakkz0DhEAg0HOjB59cuAcO44JuKRiMddOKYU9t738qtTiAB57AGNL99Zgn9kneTlJXeRl1VpqnEcqrLwlmXTQbR1LM6CdchJgvvlf1ZFw3xoBW92MUiaXfXlSnqbuMWqmLu-2Bp4z5LFZvqjKMw0W4kA4xiO-2BqlUmh-2FkCkajpLHTozmT8lJqJBkM7OEjk9OB2vwQiWlIHvm-2F6P48-2FgZZ5myQZIeITTkOu1QSTM8PdZLZ-2B9F2dmJcwXqKq5b-2FX6ekVdpeZsclVxBAlYYMf0-2B5sZ8Ixbm-2B3f55u1HEzvcpKqEd-2FRxv3lrecYorFk-2Fc5A25PUtmNmYceIQmzKehf6IA3-2Bw9CG9AWhLZQOpamZW9co8-2FACsewgOWndfNso55D-2FEoj0rdwo7i8yCWBpJMxUoCRzU9zc4RIQDY8-2BvZA5OsSVYsM4hJubbz8BOW6D3p-2BkPFInX3BCPA5-2FUeK3Cw9o-2FjBvL6qGX28mssFqqnO29H22-2FP-2FIlmgAL1NKnZoIwm0YZJYb3ZgHtSCAYkfHOkQXCf-2FqVAHgf8LBDwnF0xeMdC36AcO0eRDQaJpIVlTfGTgVCt-2FKwzIwToJg-3D-3D ) 530 Lytton Ave, Suite 301, Palo Alto, CA 94301 © 2015 - 2025 Upwork® Global LLC",NORMAL,PROMOTION
Your Personalized Developer News from NVIDIA_28478.txt,"From: NVIDIA Developer Relations <news@nvidia.com> Subject: Your Personalized Developer News from NVIDIA Read the latest tutorials and news curated for you. Top Stories For You <table border=""0"" cellpadding=""0"" cellspacing=""0"" class=""em_main_table"" style=""width: 600px;margin:0 auto;"" width=""600"" id=""ext4-ext-gen3023""> <tbody id=""ext4-ext-gen3022""> <tr> <td height=""30"" style=""mso-line-height-rule:exactly; line-height: 30px; font-size: 30px;""><img alt="" "" border=""0"" height=""1"" src=""https://info.nvidia.com/rs/156-OFN-742/images/spacer.gif"" style=""display: block;"" width=""1""></td> </tr> <tr id=""ext4-ext-gen3021""> <td align=""center"" valign=""top"" id=""ext4-ext-gen3020""><table align=""left"" border=""0"" cellpadding=""0"" cellspacing=""0"" class=""em_main_table"" style=""width: 294px;float: left;"" width=""294"" id=""ext4-ext-gen3019""> <tbody id=""ext4-ext-gen3018""> <tr id=""ext4-ext-gen3017""> <td align=""center"" valign=""top"" id=""ext4-ext-gen3016""><table align=""center"" border=""0"" cellpadding=""0"" cellspacing=""0"" class=""em_main_table"" style=""width: 294px; "" width=""294"" id=""ext4-ext-gen3015""> <tbody id=""ext4-ext-gen3014""> <tr id=""ext4-ext-gen3013""> <td align=""center"" class=""em_main_table"" style=""color: #1a1a1a; word-break: break-word;"" valign=""top"" width=""100%"" id=""ext4-ext-gen3012""><div class=""mktoImg pointerCursor"" id=""10065489"" mktoname=""Module 8 Image"" width=""100%"" mktolockimgsize=""false"" mktolockimgstyle=""true""> <img alt=""294x166"" class=""image-70-percent"" height=""auto"" src=""https://developer-blogs.nvidia.com/wp-content/uploads/2025/11/Blackwell-MLPerf-768x432-png.webp"" style=""margin: 0; padding: 0; display: block; border: 0px; outline: none; max-width: 100%; height:auto;"" width=""294""> </div> </td> </tr> </tbody> </table> </td> </tr> </tbody> </table> <table align=""right"" border=""0"" cellpadding=""0"" cellspacing=""0"" class=""em_main_table"" style=""width: 287px; float: right;"" width=""287"" id=""ext4-ext-gen3084""> <tbody id=""ext4-ext-gen3083""> <tr id=""ext4-ext-gen3082""> <td id=""ext4-ext-gen3081""><table align=""center"" border=""0"" cellpadding=""0"" cellspacing=""0"" class=""em_main_table"" style=""width: 287px; "" width=""287"" id=""ext4-ext-gen3080""> <tbody id=""ext4-ext-gen3079""> <tr id=""ext4-ext-gen3078""> <td align=""left"" class=""em_font em_cent mktoText em_top1 h3 pointerCursor"" dir=""ltr"" id=""10065491"" mktoname=""Module 8 Title"" style=""color: #000000; word-break: break-word; font-family: NVIDIAsans, Arial, Helvetica, Sans-Serif; font-size: 20px;mso-line-height-rule:exactly; line-height: 1.25;"">NVIDIA Blackwell Architecture Sweeps MLPerf Training v5.1 Benchmarks</td> </tr> <tr> <td height=""18"" style=""mso-line-height-rule:exactly; line-height: 18px; font-size: 18px;""><img alt="" "" border=""0"" height=""1"" src=""https://info.nvidia.com/rs/156-OFN-742/images/spacer.gif"" style=""display: block;"" width=""1""></td> </tr> <tr id=""ext4-ext-gen3088""> <td align=""left"" class=""em_font em_cent mktoText pointerCursor mktoElementSelected"" dir=""ltr"" id=""10065493"" mktoname=""Module 8 Copy Block"" style=""color:#1a1a1a; font-family: NVIDIAsans, Arial, Helvetica, Sans-Serif; font-size: 14px; mso-line-height-rule:exactly; line-height: 1.67; word-break: break-word;"">The NVIDIA Blackwell architecture powered the fastest time to train across every MLPerf Training v5.1 benchmark, marking a clean sweep in the latest round of...</td> </tr> <tr> <td height=""18"" style=""mso-line-height-rule:exactly; line-height: 18px; font-size: 18px;""><img alt="" "" border=""0"" height=""1"" src=""https://info.nvidia.com/rs/156-OFN-742/images/spacer.gif"" style=""display: block;"" width=""1""></td> </tr> <tr> <td align=""left"" bgcolor=""#ffffff"" class=""em_cent"" style=""background-color: #ffffff;"" valign=""top""><!--BUTTON START--> <table bgcolor=""#76B900"" border=""0"" cellpadding=""0"" cellspacing=""0"" class=""em_cent"" id=""ext4-ext-gen3094""> <tbody id=""ext4-ext-gen3093""> <tr id=""ext4-ext-gen3092""> <td align=""left"" class=""em_font mktoText button"" dir=""ltr"" id=""10065495"" mktoname=""Module 8 Button"" style=""color: #000000; font-family: NVIDIAsans, Arial, Helvetica, Sans-Serif; font-size: 14px; mso-line-height-rule:exactly; line-height: 100%; font-weight: 700; border: 2px solid #76b900;"" valign=""middle""><a class=""button"" href= ""https://go.nvidianews.com/MTU2LU9GTi03NDIAAAGeIC-7IG8hpusRFiTTBjZUX3wxBolYm3R-oilN-KBlFGPDlfwcEK-Fz9gL97OFQipiBfPh_9E="" style=""padding-top:10px;padding-right:12px;padding-bottom:10px;padding-left:12px;display: inline-block;text-decoration: none;color: #000000; border: 0 solid #76b900;"" >Read More</a></td> </tr> </tbody> </table> <!--BUTTON END--></td> </tr> </tbody> </table> </td> </tr> </tbody> </table> </td> </tr> </tbody> </table> <table border=""0"" cellpadding=""0"" cellspacing=""0"" class=""em_main_table"" style=""width: 600px;margin:0 auto;"" width=""600"" id=""ext4-ext-gen3023""> <tbody id=""ext4-ext-gen3022""> <tr> <td height=""30"" style=""mso-line-height-rule:exactly; line-height: 30px; font-size: 30px;""><img alt="" "" border=""0"" height=""1"" src=""https://info.nvidia.com/rs/156-OFN-742/images/spacer.gif"" style=""display: block;"" width=""1""></td> </tr> <tr id=""ext4-ext-gen3021""> <td align=""center"" valign=""top"" id=""ext4-ext-gen3020""><table align=""left"" border=""0"" cellpadding=""0"" cellspacing=""0"" class=""em_main_table"" style=""width: 294px;float: left;"" width=""294"" id=""ext4-ext-gen3019""> <tbody id=""ext4-ext-gen3018""> <tr id=""ext4-ext-gen3017""> <td align=""center"" valign=""top"" id=""ext4-ext-gen3016""><table align=""center"" border=""0"" cellpadding=""0"" cellspacing=""0"" class=""em_main_table"" style=""width: 294px; "" width=""294"" id=""ext4-ext-gen3015""> <tbody id=""ext4-ext-gen3014""> <tr id=""ext4-ext-gen3013""> <td align=""center"" class=""em_main_table"" style=""color: #1a1a1a; word-break: break-word;"" valign=""top"" width=""100%"" id=""ext4-ext-gen3012""><div class=""mktoImg pointerCursor"" id=""10065489"" mktoname=""Module 8 Image"" width=""100%"" mktolockimgsize=""false"" mktolockimgstyle=""true""> <img alt=""294x166"" class=""image-70-percent"" height=""auto"" src=""https://developer-blogs.nvidia.com/wp-content/uploads/2025/11/Earth2-CorDiff.gif"" style=""margin: 0; padding: 0; display: block; border: 0px; outline: none; max-width: 100%; height:auto;"" width=""294""> </div> </td> </tr> </tbody> </table> </td> </tr> </tbody> </table> <table align=""right"" border=""0"" cellpadding=""0"" cellspacing=""0"" class=""em_main_table"" style=""width: 287px; float: right;"" width=""287"" id=""ext4-ext-gen3084""> <tbody id=""ext4-ext-gen3083""> <tr id=""ext4-ext-gen3082""> <td id=""ext4-ext-gen3081""><table align=""center"" border=""0"" cellpadding=""0"" cellspacing=""0"" class=""em_main_table"" style=""width: 287px; "" width=""287"" id=""ext4-ext-gen3080""> <tbody id=""ext4-ext-gen3079""> <tr id=""ext4-ext-gen3078""> <td align=""left"" class=""em_font em_cent mktoText em_top1 h3 pointerCursor"" dir=""ltr"" id=""10065491"" mktoname=""Module 8 Title"" style=""color: #000000; word-break: break-word; font-family: NVIDIAsans, Arial, Helvetica, Sans-Serif; font-size: 20px;mso-line-height-rule:exactly; line-height: 1.25;"">Gen AI Super-Resolution Accelerates Weather Prediction with Scalable, Low-Compute Models</td> </tr> <tr> <td height=""18"" style=""mso-line-height-rule:exactly; line-height: 18px; font-size: 18px;""><img alt="" "" border=""0"" height=""1"" src=""https://info.nvidia.com/rs/156-OFN-742/images/spacer.gif"" style=""display: block;"" width=""1""></td> </tr> <tr id=""ext4-ext-gen3088""> <td align=""left"" class=""em_font em_cent mktoText pointerCursor mktoElementSelected"" dir=""ltr"" id=""10065493"" mktoname=""Module 8 Copy Block"" style=""color:#1a1a1a; font-family: NVIDIAsans, Arial, Helvetica, Sans-Serif; font-size: 14px; mso-line-height-rule:exactly; line-height: 1.67; word-break: break-word;"">As AI weather and climate prediction models rapidly gain adoption, the NVIDIA Earth-2 platform provides libraries and tools for accelerating solutions using a...</td> </tr> <tr> <td height=""18"" style=""mso-line-height-rule:exactly; line-height: 18px; font-size: 18px;""><img alt="" "" border=""0"" height=""1"" src=""https://info.nvidia.com/rs/156-OFN-742/images/spacer.gif"" style=""display: block;"" width=""1""></td> </tr> <tr> <td align=""left"" bgcolor=""#ffffff"" class=""em_cent"" style=""background-color: #ffffff;"" valign=""top""><!--BUTTON START--> <table bgcolor=""#76B900"" border=""0"" cellpadding=""0"" cellspacing=""0"" class=""em_cent"" id=""ext4-ext-gen3094""> <tbody id=""ext4-ext-gen3093""> <tr id=""ext4-ext-gen3092""> <td align=""left"" class=""em_font mktoText button"" dir=""ltr"" id=""10065495"" mktoname=""Module 8 Button"" style=""color: #000000; font-family: NVIDIAsans, Arial, Helvetica, Sans-Serif; font-size: 14px; mso-line-height-rule:exactly; line-height: 100%; font-weight: 700; border: 2px solid #76b900;"" valign=""middle""><a class=""button"" href= ""https://go.nvidianews.com/MTU2LU9GTi03NDIAAAGeIC-7IYRRig4SCMNI81h3cPrWvjUPso-gdLJXj-on6n69-ivMfOb4bggrXX3QXjrz5LJJ14M="" style=""padding-top:10px;padding-right:12px;padding-bottom:10px;padding-left:12px;display: inline-block;text-decoration: none;color: #000000; border: 0 solid #76b900;"" >Read More</a></td> </tr> </tbody> </table> <!--BUTTON END--></td> </tr> </tbody> </table> </td> </tr> </tbody> </table> </td> </tr> </tbody> </table> <table border=""0"" cellpadding=""0"" cellspacing=""0"" class=""em_main_table"" style=""width: 600px;margin:0 auto;"" width=""600"" id=""ext4-ext-gen3023""> <tbody id=""ext4-ext-gen3022""> <tr> <td height=""30"" style=""mso-line-height-rule:exactly; line-height: 30px; font-size: 30px;""><img alt="" "" border=""0"" height=""1"" src=""https://info.nvidia.com/rs/156-OFN-742/images/spacer.gif"" style=""display: block;"" width=""1""></td> </tr> <tr id=""ext4-ext-gen3021""> <td align=""center"" valign=""top"" id=""ext4-ext-gen3020""><table align=""left"" border=""0"" cellpadding=""0"" cellspacing=""0"" class=""em_main_table"" style=""width: 294px;float: left;"" width=""294"" id=""ext4-ext-gen3019""> <tbody id=""ext4-ext-gen3018""> <tr id=""ext4-ext-gen3017""> <td align=""center"" valign=""top"" id=""ext4-ext-gen3016""><table align=""center"" border=""0"" cellpadding=""0"" cellspacing=""0"" class=""em_main_table"" style=""width: 294px; "" width=""294"" id=""ext4-ext-gen3015""> <tbody id=""ext4-ext-gen3014""> <tr id=""ext4-ext-gen3013""> <td align=""center"" class=""em_main_table"" style=""color: #1a1a1a; word-break: break-word;"" valign=""top"" width=""100%"" id=""ext4-ext-gen3012""><div class=""mktoImg pointerCursor"" id=""10065489"" mktoname=""Module 8 Image"" width=""100%"" mktolockimgsize=""false"" mktolockimgstyle=""true""> <img alt=""294x166"" class=""image-70-percent"" height=""auto"" src=""https://developer-blogs.nvidia.com/wp-content/uploads/2025/11/ML-Agent-e1762537462429-768x433.webp"" style=""margin: 0; padding: 0; display: block; border: 0px; outline: none; max-width: 100%; height:auto;"" width=""294""> </div> </td> </tr> </tbody> </table> </td> </tr> </tbody> </table> <table align=""right"" border=""0"" cellpadding=""0"" cellspacing=""0"" class=""em_main_table"" style=""width: 287px; float: right;"" width=""287"" id=""ext4-ext-gen3084""> <tbody id=""ext4-ext-gen3083""> <tr id=""ext4-ext-gen3082""> <td id=""ext4-ext-gen3081""><table align=""center"" border=""0"" cellpadding=""0"" cellspacing=""0"" class=""em_main_table"" style=""width: 287px; "" width=""287"" id=""ext4-ext-gen3080""> <tbody id=""ext4-ext-gen3079""> <tr id=""ext4-ext-gen3078""> <td align=""left"" class=""em_font em_cent mktoText em_top1 h3 pointerCursor"" dir=""ltr"" id=""10065491"" mktoname=""Module 8 Title"" style=""color: #000000; word-break: break-word; font-family: NVIDIAsans, Arial, Helvetica, Sans-Serif; font-size: 20px;mso-line-height-rule:exactly; line-height: 1.25;"">Building an Interactive AI Agent for Lightning-Fast Machine Learning Tasks</td> </tr> <tr> <td height=""18"" style=""mso-line-height-rule:exactly; line-height: 18px; font-size: 18px;""><img alt="" "" border=""0"" height=""1"" src=""https://info.nvidia.com/rs/156-OFN-742/images/spacer.gif"" style=""display: block;"" width=""1""></td> </tr> <tr id=""ext4-ext-gen3088""> <td align=""left"" class=""em_font em_cent mktoText pointerCursor mktoElementSelected"" dir=""ltr"" id=""10065493"" mktoname=""Module 8 Copy Block"" style=""color:#1a1a1a; font-family: NVIDIAsans, Arial, Helvetica, Sans-Serif; font-size: 14px; mso-line-height-rule:exactly; line-height: 1.67; word-break: break-word;"">Data scientists spend a lot of time cleaning and preparing large, unstructured datasets before analysis can begin, often requiring strong programming and...</td> </tr> <tr> <td height=""18"" style=""mso-line-height-rule:exactly; line-height: 18px; font-size: 18px;""><img alt="" "" border=""0"" height=""1"" src=""https://info.nvidia.com/rs/156-OFN-742/images/spacer.gif"" style=""display: block;"" width=""1""></td> </tr> <tr> <td align=""left"" bgcolor=""#ffffff"" class=""em_cent"" style=""background-color: #ffffff;"" valign=""top""><!--BUTTON START--> <table bgcolor=""#76B900"" border=""0"" cellpadding=""0"" cellspacing=""0"" class=""em_cent"" id=""ext4-ext-gen3094""> <tbody id=""ext4-ext-gen3093""> <tr id=""ext4-ext-gen3092""> <td align=""left"" class=""em_font mktoText button"" dir=""ltr"" id=""10065495"" mktoname=""Module 8 Button"" style=""color: #000000; font-family: NVIDIAsans, Arial, Helvetica, Sans-Serif; font-size: 14px; mso-line-height-rule:exactly; line-height: 100%; font-weight: 700; border: 2px solid #76b900;"" valign=""middle""><a class=""button"" href= ""https://go.nvidianews.com/MTU2LU9GTi03NDIAAAGeIC-7Iapxtc0UV57hh6HuCZt_ReAi-4Idrcu1pB_xoi78Vx1GNDzwdswWp8NXVZ1xvlxh34g="" style=""padding-top:10px;padding-right:12px;padding-bottom:10px;padding-left:12px;display: inline-block;text-decoration: none;color: #000000; border: 0 solid #76b900;"" >Read More</a></td> </tr> </tbody> </table> <!--BUTTON END--></td> </tr> </tbody> </table> </td> </tr> </tbody> </table> </td> </tr> </tbody> </table> <table border=""0"" cellpadding=""0"" cellspacing=""0"" class=""em_main_table"" style=""width: 600px;margin:0 auto;"" width=""600"" id=""ext4-ext-gen3023""> <tbody id=""ext4-ext-gen3022""> <tr> <td height=""30"" style=""mso-line-height-rule:exactly; line-height: 30px; font-size: 30px;""><img alt="" "" border=""0"" height=""1"" src=""https://info.nvidia.com/rs/156-OFN-742/images/spacer.gif"" style=""display: block;"" width=""1""></td> </tr> <tr id=""ext4-ext-gen3021""> <td align=""center"" valign=""top"" id=""ext4-ext-gen3020""><table align=""left"" border=""0"" cellpadding=""0"" cellspacing=""0"" class=""em_main_table"" style=""width: 294px;float: left;"" width=""294"" id=""ext4-ext-gen3019""> <tbody id=""ext4-ext-gen3018""> <tr id=""ext4-ext-gen3017""> <td align=""center"" valign=""top"" id=""ext4-ext-gen3016""><table align=""center"" border=""0"" cellpadding=""0"" cellspacing=""0"" class=""em_main_table"" style=""width: 294px; "" width=""294"" id=""ext4-ext-gen3015""> <tbody id=""ext4-ext-gen3014""> <tr id=""ext4-ext-gen3013""> <td align=""center"" class=""em_main_table"" style=""color: #1a1a1a; word-break: break-word;"" valign=""top"" width=""100%"" id=""ext4-ext-gen3012""><div class=""mktoImg pointerCursor"" id=""10065489"" mktoname=""Module 8 Image"" width=""100%"" mktolockimgsize=""false"" mktolockimgstyle=""true""> <img alt=""294x166"" class=""image-70-percent"" height=""auto"" src=""https://developer-blogs.nvidia.com/wp-content/uploads/2025/11/image2-1-768x432-jpg.webp"" style=""margin: 0; padding: 0; display: block; border: 0px; outline: none; max-width: 100%; height:auto;"" width=""294""> </div> </td> </tr> </tbody> </table> </td> </tr> </tbody> </table> <table align=""right"" border=""0"" cellpadding=""0"" cellspacing=""0"" class=""em_main_table"" style=""width: 287px; float: right;"" width=""287"" id=""ext4-ext-gen3084""> <tbody id=""ext4-ext-gen3083""> <tr id=""ext4-ext-gen3082""> <td id=""ext4-ext-gen3081""><table align=""center"" border=""0"" cellpadding=""0"" cellspacing=""0"" class=""em_main_table"" style=""width: 287px; "" width=""287"" id=""ext4-ext-gen3080""> <tbody id=""ext4-ext-gen3079""> <tr id=""ext4-ext-gen3078""> <td align=""left"" class=""em_font em_cent mktoText em_top1 h3 pointerCursor"" dir=""ltr"" id=""10065491"" mktoname=""Module 8 Title"" style=""color: #000000; word-break: break-word; font-family: NVIDIAsans, Arial, Helvetica, Sans-Serif; font-size: 20px;mso-line-height-rule:exactly; line-height: 1.25;"">Accelerating Large-Scale Mixture-of-Experts Training in PyTorch</td> </tr> <tr> <td height=""18"" style=""mso-line-height-rule:exactly; line-height: 18px; font-size: 18px;""><img alt="" "" border=""0"" height=""1"" src=""https://info.nvidia.com/rs/156-OFN-742/images/spacer.gif"" style=""display: block;"" width=""1""></td> </tr> <tr id=""ext4-ext-gen3088""> <td align=""left"" class=""em_font em_cent mktoText pointerCursor mktoElementSelected"" dir=""ltr"" id=""10065493"" mktoname=""Module 8 Copy Block"" style=""color:#1a1a1a; font-family: NVIDIAsans, Arial, Helvetica, Sans-Serif; font-size: 14px; mso-line-height-rule:exactly; line-height: 1.67; word-break: break-word;"">Training massive mixture-of-experts (MoE) models has long been the domain of a few advanced users with deep infrastructure and distributed-systems expertise....</td> </tr> <tr> <td height=""18"" style=""mso-line-height-rule:exactly; line-height: 18px; font-size: 18px;""><img alt="" "" border=""0"" height=""1"" src=""https://info.nvidia.com/rs/156-OFN-742/images/spacer.gif"" style=""display: block;"" width=""1""></td> </tr> <tr> <td align=""left"" bgcolor=""#ffffff"" class=""em_cent"" style=""background-color: #ffffff;"" valign=""top""><!--BUTTON START--> <table bgcolor=""#76B900"" border=""0"" cellpadding=""0"" cellspacing=""0"" class=""em_cent"" id=""ext4-ext-gen3094""> <tbody id=""ext4-ext-gen3093""> <tr id=""ext4-ext-gen3092""> <td align=""left"" class=""em_font mktoText button"" dir=""ltr"" id=""10065495"" mktoname=""Module 8 Button"" style=""color: #000000; font-family: NVIDIAsans, Arial, Helvetica, Sans-Serif; font-size: 14px; mso-line-height-rule:exactly; line-height: 100%; font-weight: 700; border: 2px solid #76b900;"" valign=""middle""><a class=""button"" href= ""https://go.nvidianews.com/MTU2LU9GTi03NDIAAAGeIC-7H22rn9MZRggt6QEGsTXQF5HFqw1SJ54loUWUxfxxUx5zAbU_ZVtX8dlun3wCimuM964="" style=""padding-top:10px;padding-right:12px;padding-bottom:10px;padding-left:12px;display: inline-block;text-decoration: none;color: #000000; border: 0 solid #76b900;"" >Read More</a></td> </tr> </tbody> </table> <!--BUTTON END--></td> </tr> </tbody> </table> </td> </tr> </tbody> </table> </td> </tr> </tbody> </table> Resources - NVIDIA Developer Program ❯ <https://go.nvidianews.com/MTU2LU9GTi03NDIAAAGeIC-7IJGgMEAClQFyvGreWHBnnlTUI1ZLjLxRQ1gEzHE2KAa_K6noEiqRus-W1_RGqo07k5k=> - NVIDIA Deep Learning Institute ❯ <https://go.nvidianews.com/MTU2LU9GTi03NDIAAAGeIC-7IWsPvCn3uKO8Vk0zSnU6fqp-VrFC8YYmNx2dr-gQabxUt4u5GZGCTP9QPzfaEAfr8KI=> - NVIDIA Technical Blog ❯ <https://go.nvidianews.com/MTU2LU9GTi03NDIAAAGeIC-7IIhqugyyGlj0f70_na485SEiq15-RKrbH3udZgeU49PWv3ttgcxDiFKynjlMGiJyDo8=> - NVIDIA Docs ❯ <https://go.nvidianews.com/MTU2LU9GTi03NDIAAAGeIC-7IK-p87Zftt7Ym2B-3Ne2EjwfUhIzQidGoKc1D9VoYKkcCrKpyzO-uKXhmWGrSU2z6UE=> - NVIDIA Forums ❯ <https://go.nvidianews.com/MTU2LU9GTi03NDIAAAGeIC-7IOLU-j-l416F2Z53H2yOAXaMnPpYo79vBd4dFJkEJl52MDMXIzsSCtP_fLE38q5CMfY=> - NVIDIA On-Demand ❯ <https://go.nvidianews.com/MTU2LU9GTi03NDIAAAGeIC-7IAW2Wn-h9dhFej4s8pMnUv3hwWh2MaQ-rbljUUdKwHAyHWkszApAdyVLCM0Mj9g-WFU=> - NVIDIA NGC Catalog ❯ <https://go.nvidianews.com/MTU2LU9GTi03NDIAAAGeIC-7IHf4l8R28R0B9Gcm_bnInIbQIo1eYv92e0czWJ59gSXWhaXxNY9Nho3wZ2DqZmQS310=> - NVIDIA Inception Program for Startups ❯ <https://go.nvidianews.com/MTU2LU9GTi03NDIAAAGeIC-7IduI9uOS60z9xBdV85VEq36g7k4TDpji_UvTTuj0F5jvdFCPo30kvocIg68uFOmthO4=> - NVIDIA Connect Program for ISVs ❯ <https://go.nvidianews.com/MTU2LU9GTi03NDIAAAGeIC-7IVLKS_dnkGppk6lt4-aNCXzPEhneAM9RLHRTmAd4JuDzEnZI_JIQ64rODM4Aq-fz35s=> You are receiving this email because are subscribed to developer emails. Privacy Center <https://go.nvidianews.com/MTU2LU9GTi03NDIAAAGeIC-7IMbjPIA_LM0fHWlPqgD3uVfZFBRXzPLdB9xGKGHDiNw8kaqBQoO4u0-0pOlTiGT-dCA=> | Manage Preferences or Unsubscribe <https://go.nvidianews.com/dc/M3tNI9WjhwgpWj9zFPExhge-BKR_acD5iJOXmz-jvcuL4yPcmxAWPs9Ral1BDqA1H_5bHenxRE4Xk_tIW2Ku2ko5r0CLw50WMTGXqS5tlbH17aLeY38mjph0rIcib9yQU1ELcWvjA2oRZCLf7QqnjNat1oPBIyZe2_EzD9s_rwOfAmGOjl_HJ5sLa92j0YrMjXSJTL8ZAKcOzOTSvaruxHXOWcg0WY1o3PeCRkIePtTgfiHlOE3hdXECxT5FxrBa4mTEmi5bbaePDtUstPWm8w==/MTU2LU9GTi03NDIAAAGeIC-7IOtHcMD9dufIgtjxy2s7iDq6l373ObQM2BOM9IhVig4z-7C0WWIeRbLUvV3u0ViEnsQ=> | Contact Us <https://go.nvidianews.com/MTU2LU9GTi03NDIAAAGeIC-7Ier19BsCGdzf7dndaFyD847kR5jKbir3wOcGh2zWTqgOVmC4cGHvchug2A4dvkS_mIo=> | View Online <[[https://go.nvidianews.com/v/MTU2LU9GTi03NDIAAAGeIC-7IGF2dOmedTXTMZMnXgE4oFnQ6XgPtpsx1TygYW-PqfYHnU3TbbnnKZvC-1bEg9nNIb4=]]> © 2020 NVIDIA Corporation.",NORMAL,PERSONAL
Your working style results are in__28476.txt,"<!DOCTYPE html> <html xmlns=""http://www.w3.org/1999/xhtml"" xmlns:v=""urn:schemas-microsoft-com:vml"" xmlns:o=""urn:schemas-microsoft-com:office:office""> <head> <meta content=""text/html; charset=utf-8"" http-equiv=""Content-Type""> <meta content=""width=device-width, initial-scale=1.0"" name=""viewport""> <title>Your working style results are in!</title> <style type=""text/css""> /* Insert GEL-specific styles here */ table, td { mso-table-lspace: 0; mso-table-rspace: 0; border-collapse: collapse } body { margin:0px; padding:0px; background-color:#F7FAF7; } /* Responsive and utility classes from GEL template */ @media only screen and (max-width:580px) { .w100percent { width: 100%!important; min-width: 100%!important; height: auto!important } .mobile-display { display: block!important; width: auto!important; height: auto!important; overflow: visible!important; visibility: visible!important; float: none!important; max-height: inherit!important; line-height: normal!important; } .ac { text-align: center!important; } .dn { display: none!important; } .db { display: block!important; } .pt0 { padding-top: 0!important; } .pt10 { padding-top: 10px!important; } .pt20 { padding-top: 20px!important; } .pt30 { padding-top: 30px!important; } .pb0 { padding-bottom: 0!important; } .pb10 { padding-bottom: 10px!important; } .pb20 { padding-bottom: 20px!important; } .pb30 { padding-bottom: 30px!important; } .plr0 { padding-left: 0px!important; padding-right: 0px!important; } .plr10 { padding-left: 10px!important; padding-right: 10px!important; } .plr20 { padding-left: 20px!important; padding-right: 20px!important; } .plr_mobile { padding-left: 24px!important; padding-right: 24px!important; } .hauto { height: auto !important; } .pb16 { padding-bottom: 16px !important; } } @media only screen and (max-width:413px) { .plr_mobile { padding-left: 21px!important; padding-right: 21px!important; } } @media only screen and (max-width:374px) { .plr_mobile { padding-left: 19px!important; padding-right: 19px!important; } } </style> <!--[if (mso)|(mso 16)]> <style type=""text/css"">a{text-decoration:none}td{font-family:Helvetica,Arial,sans-serif!important}</style> <![endif]--> <!--[if gte mso 9]> <xml> <o:OfficeDocumentSettings> <o:AllowPNG /> <o:PixelsPerInch>96</o:PixelsPerInch> </o:OfficeDocumentSettings> </xml> <![endif]--> </head> <body style=""margin:0px; padding:0px; background-color:#F7FAF7;""> <div style=""display:none !important;visibility:hidden;mso-hide:all;font-size:1px;color:#ffffff;line-height:1px;max-height:0px;max-width:0px;opacity:0;overflow:hidden;""></div> <table width=""100%"" border=""0"" cellspacing=""0"" cellpadding=""0"" bgcolor=""#F7FAF7""> <tbody> <tr> <td align=""center"" class=""pt0"" style=""padding-left:0px; padding-right:0px; padding-top: 10px; padding-bottom: 10px;""> <table border=""0"" cellpadding=""0"" cellspacing=""0"" class=""w100percent"" width=""600"" bgcolor=""#fff""> <tbody> <tr> <td> <tr> <td class=""card-row"" style=""font-family: Helvetica, Arial, sans-serif; font-size: 16px; line-height: 24px; word-break: break-word; padding-left: 0px !important; padding-right: 0px !important; padding-top: 20px; margin-left: px; margin-right: px; ""> <table border=""0"" cellpadding=""0"" cellspacing=""0"" width=""600"" style="" word-break: normal;""> <tr> <td align=""left"" class=""w100percent"" style="" vertical-align: top; font-size: 16px; line-height: 24px; "" ><a href=""https://www.upwork.com?utm_medium=email&amp;utm_source=mailgun&amp;utm_campaign=trustsignalsandtraitsservice%2Fassessment_completed&amp;email_uid=%7B%7Bx-eo-mailgun-id%7D%7D&amp;frkscc=dGMLimyc9zrR"" target=""_blank"" style=""color: #14A800; text-decoration: underline; word-break: break-word;""> <img src=""https://www.upwork.com/s/emails/trustsignalsandtraitsservice/assessment_completed_header.png"" alt=""Your working style results are in!"" width=""600"" style="" "" > </a></td> </tr> </table> </td> </tr> <tr> <td class=""card-row"" style=""font-family: Helvetica, Arial, sans-serif; font-size: 16px; line-height: 24px; word-break: break-word; padding-left: 20px; padding-right: 20px; padding-top: 32px; padding-bottom: 16px; margin-left: px; margin-right: px; ""> <table width=""100%"" border=""0"" cellspacing=""0"" cellpadding=""0""> <tr> <td style=""font-family:Helvetica, Arial, sans-serif; font-weight:normal; font-size:16px; line-height:21px; color:#000000; padding-left:32px; padding-right:32px; padding-top: 30px; padding-bottom: 0px;"" class=""plr_mobile"" valign=""top""> Hi MI, </td> </tr> </table> <table width=""100%"" border=""0"" cellspacing=""0"" cellpadding=""0""> <tr> <td style=""font-family:Helvetica, Arial, sans-serif; font-size:16px; line-height:21px; color:#000000; padding-left:32px; padding-right:32px; padding-top: 24px; padding-bottom: 0px;"" class=""plr_mobile"" valign=""top""> <div style=""margin-bottom: 16px;"">Your working style assessment results are in. Start putting them to use to find your next opportunity today.</div> </td> </tr> </table> <table border=""0"" cellpadding=""0"" cellspacing=""0"" width=""100%""> <tr> <td align=""left"" style=""padding-top:30px; padding-left:32px; padding-right:32px;"" class=""plr_mobile""> <table border=""0"" cellpadding=""0"" cellspacing=""0"" style=""border-radius: 10px;"" class=""w100percent""> <tr> <td align=""center"" style=""font-family: Helvetica, Arial, sans-serif; mso-padding-alt: 12px 24px; border-radius: 10px;"" bgcolor=""#14A800""> <a href=""https://www.upwork.com/nx/find-work"" style=""padding: 12px 24px; display: block; text-decoration: none; border:0; text-align: center; font-family: Helvetica, Arial, sans-serif; font-size:18px; color: #000000; mso-line-height-rule: exactly; line-height:22px; white-space: nowrap; border-radius: 10px; font-weight: bold;""> Find work now </a> </td> </tr> </table> </td> </tr> </table> <tr> <td class=""card-row"" style=""font-family: Helvetica, Arial, sans-serif; font-size: 16px; line-height: 24px; word-break: break-word; padding-left: 20px; padding-right: 20px; padding-top: 20px; margin-left: px; margin-right: px; ""> <table border=""0"" cellpadding=""0"" cellspacing=""0"" width=""100%""> <tr><td style=""font-size: 0; line-height: 0; border-top: 1px solid #D5E0D5;"">&nbsp;</td></tr> </table> </td> </tr> <tr> <td class=""card-row"" style=""font-family: Helvetica, Arial, sans-serif; font-size: 16px; line-height: 24px; word-break: break-word; padding-left: 32px !important; padding-right: 32px !important; padding-top: 32px; padding-bottom: 16px; margin-left: px; margin-right: px; ""> <div style=""font-family: Helvetica, Arial, sans-serif; color: #000000; font-size: 22px; font-family: &#39;Segoe UI&#39;, Roboto, Helvetica, Arial, sans-serif; font-weight: 700; line-height: 32px; word-break: normal; "" > Top working style strengths </div> </td> </tr> <tr> <td class=""card-row"" style=""font-family: Helvetica, Arial, sans-serif; font-size: 16px; line-height: 24px; word-break: break-word; padding-left: 32px !important; padding-right: 32px !important; padding-bottom: 24px; margin-left: px; margin-right: px; ""> <div style=""font-family: Helvetica, Arial, sans-serif; color: #000000; font-size: 16px; font-family: &#39;Segoe UI&#39;, Roboto, Helvetica, Arial, sans-serif; line-height: 24px; word-break: normal; "" > These skills are visible on your profile and shown to clients </div> </td> </tr> <tr> <td class=""card-row"" style=""font-family: Helvetica, Arial, sans-serif; font-size: 16px; line-height: 24px; word-break: break-word; padding-left: 32px !important; padding-right: 32px !important; padding-bottom: 24px; margin-left: px; margin-right: px; ""> <table border=""0"" cellpadding=""0"" cellspacing=""0"" width=""100%"" style="" word-break: normal;""> <tr> <td width=""56"" style="" padding-bottom: 0px; padding-right: 16px; vertical-align: top; font-size: 16px; line-height: 24px; "" > <table border=""0"" cellpadding=""0"" cellspacing=""0"" width=""56"" style=""background-color: #000000;border-radius: 28px;""> <tr> <td> <table border=""0"" cellpadding=""0"" cellspacing=""0"" width=""56"" style="" word-break: normal;""> <tr> <td style="" padding-bottom: 16px; padding-top: 16px; text-align: center; color: #FFFFFF; vertical-align: top; font-size: 24px; line-height: 24px; "" >01</td> </tr> </table> </td> </tr> </table> </td> <td style="" padding-bottom: 0px; vertical-align: top; font-size: 16px; line-height: 24px; "" > <div style=""font-family: Helvetica, Arial, sans-serif; color: #000000; font-size: 20px; font-family: &#39;Segoe UI&#39;, Roboto, Helvetica, Arial, sans-serif; font-weight: 700; line-height: 28px; word-break: normal; "" > Accountable for outcomes </div> <div style=""font-family: Helvetica, Arial, sans-serif; color: #000000; font-size: 16px; font-family: &#39;Segoe UI&#39;, Roboto, Helvetica, Arial, sans-serif; line-height: 24px; word-break: normal; "" > You work confidently and independently. </div> </td> </tr> </table> </td> </tr> <tr> <td class=""card-row"" style=""font-family: Helvetica, Arial, sans-serif; font-size: 16px; line-height: 24px; word-break: break-word; padding-left: 20px; padding-right: 20px; padding-top: 20px; margin-left: px; margin-right: px; ""> <table border=""0"" cellpadding=""0"" cellspacing=""0"" width=""100%""> <tr><td style=""font-size: 0; line-height: 0; border-top: 1px solid #D5E0D5;"">&nbsp;</td></tr> </table> </td> </tr> <tr> <td class=""card-row"" style=""font-family: Helvetica, Arial, sans-serif; font-size: 16px; line-height: 24px; word-break: break-word; padding-left: 20px; padding-right: 20px; padding-top: 10px; margin-left: px; margin-right: px; ""> <table border=""0"" cellpadding=""0"" cellspacing=""0"" width=""100%""> <tr><td style=""font-size: 0; line-height: 0;"">&nbsp;</td></tr> </table> </td> </tr> </td> </tr> <tr> <td class=""card-row"" style=""font-family: Helvetica, Arial, sans-serif; font-size: 16px; line-height: 24px; word-break: break-word; padding-left: 32px !important; padding-right: 32px !important; padding-top: 32px; padding-bottom: 32px; margin-left: px; margin-right: px; ""> <table border=""0"" cellpadding=""0"" cellspacing=""0"" width=""100%"" style=""background-color: #001E00;border-radius: 16px;""> <tr> <td> <table border=""0"" cellpadding=""0"" cellspacing=""0"" width=""100%"" style="" word-break: normal;""> <tr> <td style="" padding-top: 32px; padding-left: 32px; padding-right: 32px; vertical-align: top; font-size: 16px; line-height: 24px; "" > <div style=""font-family: Helvetica, Arial, sans-serif; color: #FFFFFF; font-size: 30px; line-height: 36px; word-break: normal; "" > View your working style skills in your freelancer profile </div> </td> </tr> <tr> <td style="" padding-bottom: 32px; padding-top: 16px; padding-left: 32px; padding-right: 32px; vertical-align: top; font-size: 16px; line-height: 24px; "" > <a href=""https://www.upwork.com/freelancers/~?frkscc=G1C2cKss49oB"" target=""_blank"" style=""word-break: break-word; background-color: #14A800; border-radius: 10px; color: #000000; display: inline-block; font-size: 18px; font-weight: bold; line-height: 22px; padding-bottom: 12px; padding-left: 24px; padding-right: 24px; padding-top: 12px; text-decoration: none; "">View your profile</a> </td> </tr> </table> </td> </tr> </table> </td> </tr> <table width=""600"" border=""0"" cellspacing=""0"" cellpadding=""0"" class=""w100percent"" style=""width:600px; border-top:1px solid #DADADA; border-radius:0px 0px 16px 16px;"" align=""center"" bgcolor=""#FFFFFFF""> <tr> <td style=""padding: 0px 0px""> <table width=""100%"" border=""0"" cellspacing=""0"" cellpadding=""0"" align=""center"" bgcolor=""#FFFFFF""> <tr> <td style=""padding-top: 30px; padding-bottom: 30px; padding-right:30px; padding-left:30px;"" class=""plr_mobile""> <table class=""w100percent"" border=""0"" cellspacing=""0"" cellpadding=""0"" align=""right"" style=""float:right;""> <tr> <td align=""center""> <table border=""0"" cellspacing=""0"" cellpadding=""0""> <tr> <td style=""font-family:Helvetica,Arial,sans-serif;font-size:14px;line-height:22px;color:#000000;font-weight:normal;padding-bottom:10px"" class=""ac"">Mobile app</td> </tr> <tr> <td class=""ac""> <table border=""0"" cellspacing=""0"" cellpadding=""0""> <tr> <td style=""padding-right:12px;width:40px"" width=""40""><a href=""https://apps.apple.com/us/app/upwork-for-freelancers/id1446736499""><img src=""https://braze-images.com/appboy/communication/assets/image_assets/images/663291c46d353f005bcf93a6/original.png?1714590147"" alt=""Download Upwork App for iPhone"" width=""40"" style=""width:40px;display:block""></a></td> <td style=""padding-right:1px;width:40px"" width=""40"" class=""plr0""><a href=""https://play.google.com/store/apps/details?id=com.upwork.android.apps.main""><img src=""https://braze-images.com/appboy/communication/assets/image_assets/images/663291c46d84fd0064c61fab/original.png?1714590147"" alt=""Download Upwork App for Android"" border=""0"" width=""40"" style=""width:40px;display:block""></a></td> </tr> </table> </td> </tr> </table> </td> </tr> </table> <table border=""0"" cellspacing=""0"" cellpadding=""0"" align=""left"" class=""w100percent"" style=""float:left;""> <tr> <td align=""center""> <table border=""0"" cellspacing=""0"" cellpadding=""0""> <tr> <td style=""font-family:Helvetica,Arial,sans-serif;font-size:14px;line-height:22px;color:#000000;font-weight:normal;padding-bottom:10px"" class=""ac pt20"">Follow us</td> </tr> <tr> <td> <table border=""0"" cellspacing=""0"" cellpadding=""0""> <tr> <td style=""padding-right:12px;width:40px"" width=""40""><a href=""https://www.facebook.com/upwork""><img src=""https://braze-images.com/appboy/communication/assets/image_assets/images/663291c4b3e02d0059a389de/original.png?1714590147"" alt=""Facebook"" width=""40"" style=""width:40px;display:block""></a></td> <td style=""padding-right:12px;width:40px"" width=""40""><a href=""https://www.linkedin.com/company/upwork""><img src=""https://braze-images.com/appboy/communication/assets/image_assets/images/663291c4c8ff6a005bf61f4c/original.png?1714590147"" alt=""Linkedin"" width=""40"" style=""width:40px;display:block""></a></td> <td style=""padding-right:12px;width:40px"" width=""40""><a href=""https://twitter.com/Upwork""><img src=""https://braze-images.com/appboy/communication/assets/image_assets/images/663291c4675623005a2ccdce/original.png?1714590148"" alt=""X"" width=""40"" style=""width:40px;display:block""></a></td> <td style=""padding-right:12px;width:40px"" width=""40""><a href=""https://www.youtube.com/channel/UCvxGFOnwUBDHHcxuPqhe4CQ""><img src=""https://braze-images.com/appboy/communication/assets/image_assets/images/66329175310135005bd63562/original.png?1714590069"" alt=""YouTube"" width=""40"" style=""width:40px;display:block""></a></td> <td style=""padding-right:2px;width:40px"" width=""40"" class=""plr0""><a href=""https://www.instagram.com/upwork/""><img src=""https://braze-images.com/appboy/communication/assets/image_assets/images/663291c4a2d3a4005ce3edc8/original.png?1714590148"" alt=""Instagram"" border=""0"" width=""40"" style=""width:40px;display:block""></a></td> </tr> </table> </td> </tr> </table> </td> </tr> </table> </td> </tr> </table> <table width=""600"" border=""0"" cellspacing=""0"" cellpadding=""0"" class=""w100percent"" style=""width:600px; border-radius:0px 0px 16px 16px;"" align=""center"" bgcolor=""#FFFFFF""> <tr> <td align=""center"" style=""font-family:Helvetica,Arial,sans-serif;font-size:14px;line-height:22px;color:#000000;padding:25px 5px 0px 5px""> <a style=""color:#000000; text-decoration:underline; font-weight:bold;"" href=""https://www.upwork.com/legal?utm_medium=email&amp;utm_source=mailgun&amp;utm_campaign=trustsignalsandtraitsservice%2Fassessment_completed&amp;email_uid=%7B%7Bx-eo-mailgun-id%7D%7D&amp;frkscc=p4S5evGD4dIi#privacy"" class=""db"">Privacy Policy</a> <span class=""dn"">&nbsp;&nbsp;</span> <a style=""color:#000000; text-decoration:underline; font-weight:bold;"" href=""https://support.upwork.com/hc?utm_medium=email&amp;utm_source=mailgun&amp;utm_campaign=trustsignalsandtraitsservice%2Fassessment_completed&amp;email_uid=%7B%7Bx-eo-mailgun-id%7D%7D&amp;frkscc=TnKRr0HryabY"" class=""db pt0"">Contact Support</a> <span class=""dn"">&nbsp;&nbsp;</span> <a style=""color:#000000; text-decoration:underline; font-weight:bold;"" href=""https://www.upwork.com/ab/notification-settings?utm_medium=email&amp;utm_source=mailgun&amp;utm_campaign=trustsignalsandtraitsservice%2Fassessment_completed&amp;email_uid=%7B%7Bx-eo-mailgun-id%7D%7D&amp;frkscc=Prp7ZGdEKGSm"" class=""db pt0"">Unsubscribe</a> </td> </tr> <tr> <td align=""center"" style=""font-family:Helvetica,Arial,sans-serif;font-size:14px;line-height:22px;color:#000000;padding:5px 5px 0px 5px""> <a style=""color:#000000;text-decoration:none"">530 Lytton Ave, Suite 301, Palo Alto, CA 94301</a> </td> </tr> <tr> <td align=""center"" style=""font-family:Helvetica,Arial,sans-serif;font-size:14px;line-height:22px;color:#000000;padding:5px 5px 30px 5px; ""> © 2025 Upwork<span style=""font-size:70%;line-height:0;vertical-align:3px;-webkit-text-size-adjust:none;mso-line-height-rule:exactly"">®</span> Global Inc.",HIGH,BUSINESS
Your_VIP_application is approved__28473.txt,"From: ""Coursiv"" <no-reply@updates.coursiv.co> Subject: Your VIP application is approved Hi there, Thanks for starting your Coursiv application! 👉 Resume my application <https://coursiv.io/en/dynamic/selling-page?utm_gender=m&prc_id=1061&age=18-24&option1=Gain%20financial%20skills&option2=Plan%20a%20vacation&split_c1061_sp_and_content=controlv2&stable_id=960f5af3-ca59-45a3-9e60-321af4873623&email=misrabon55%40gmail.com&source=email&campaign=email_catch&email_id=2&email=misrabon55@gmail.com&uid=23126724&promocode=Monoarul Islam Srabon> It only takes a couple of minutes to wrap up. If you have any questions, please, contact ourSupport center <https://support.coursiv.io/en/support/home?utm_source=EM>.",NORMAL,PROMOTION
_ You_re all set_ What_s_28475.txt,"͏ ­ ͏ ­ ͏ ­ ͏ ­ ͏ ­ ͏ ­ ͏ ­ ͏ ­ ͏ ­ ͏ ­ ͏ ­ ͏ ­ ͏ ­ ͏ ­ ͏ ­ ͏ ­ ͏ ­ ͏ ­ ͏ ­ ͏ ­ ͏ ­ ͏ ­ ͏ ­ ͏ ­ ͏ ­ ͏ ­ ͏ ­ ͏ ­ ͏ ­ ͏ ­ ͏ ­ ͏ ­ ͏ ­ ͏ ­ ͏ ­ ͏ ­ ͏ ­ ͏ ­ ͏ ­ ͏ ­ ͏ ­ ͏ ­ ͏ ­ ͏ ­ ͏ ­ ͏ ­ ͏ ­ ͏ ­ ͏ ­ ͏ ­ ͏ ­ ͏ ­ ͏ ­ ͏ ­ ͏ ­ ͏ ­ ͏ ­ ͏ ­ ͏ ­ ͏ ­ ͏ ­ ͏ ­ ͏ ­ ͏ ­ ͏ ­ ͏ ­ ͏ ­ ͏ ­ ͏ ­ ͏ ­ ͏ ­ ͏ ­ ͏ ­ ͏ ­ ͏ ­ ͏ ­ ͏ ­ ͏ ­ ͏ ­ ͏ ­ ͏ ­ ͏ ­ ͏ ­ ͏ ­ ͏ ­ ͏ ­ ͏ ­ ͏ ­ ͏ ­ ͏ ­­ ͏ ­ ͏ ­ ͏ ­ ͏ ­ ͏ ­ ͏ ­ ͏ ­ ͏ ­ ͏ ­ ͏ ­ ͏ ­ Find Work ( https://link.email.upwork.com/ls/click?upn=u001.lQOXq-2BZYS347T1f4148jjK2b3GmUBOO4BcX4FAhR-2FYtQKFLyS8jC2lqZSAXIRauKpZyBxnOKm6jdprsTLXNk9g-3D-3DqJE1_gS-2Fs9hx-2FSkZHX1ENp16SoqEaxNdwbfL5V7o4zb83U3vcPYZoBy14pa0Ngy8-2BOPQXRagn-2FTtZlyZaTl-2BECUofNaiktojWYi34DOt2IJNng63OMAgaXJKRw0PFVNuN3gtpEWWTtnwnS21XbTuhSxTDqzOl7SSG2sC0wxSfirMjDufdFG5NJ0AdF24WdA3n9gRHVa-2FVgMH-2BOgcst2BNq14ziW0JK-2BvZpYIo-2FcvtPUovshHAOQz-2BW-2BIjn4wrrYbC66ZZl154XHFkXsQmocI8pjjr-2BWOpL5E1pJq2kcLd2sN1ArhA7J7EHyoqY1tJHjFq0NUUYXxbmZOhjrj5-2BFoebE2sxCtJ5snBEMPAp9ENUFEF6qe6a-2BWuHaGYrbAKGU1va1oyW-2BfmtCyBAbITCBIk1x4Ft0AEeDTHtbqq5X2rxLdTc7CSv8-2FEsMaSHacWP6fQMByoRD36mwf0x3-2FD4MIzULO-2FQ3-2B4nFBcZn0s5riqXqZsZUh-2F5hTUxLb6Cf0IYNd3yATFKzujuTMKe4Ur1njOjIV-2BR1EA43LxUvACda4o5U-2FQ-2BtT-2BnoO1Z6xIVPwZW9w9v0lIJ17HWHMEqUlF7nmpDBmw5KQD2qOWjm6CejGueA8EoLiWDllPMiiyAuOl22KaXkeZzIwanWyFOm-2FJ1-2FEWivesNKTylF9U-2BD5LWnRt6IqtEWoKzVgX3LVzyPpWL8gp0qHMQkdFAkVc3TPM-2BMhtMJvBGtJAIzzrOW-2FH-2FRNcO75Qx1Ypu8L0GqDonFNa5KjqHiMxhi-2FEQz-2B-2F-2Fzmx5QjmSTP7Jg-3D-3D ) Ask Uma™ ( https://link.email.upwork.com/ls/click?upn=u001.lQOXq-2BZYS347T1f4148jjK2b3GmUBOO4BcX4FAhR-2FYt3-2Bul8urqsHZg5eHLEZvcqUEcULIZDBURkSXgAm-2FthMA-3D-3DuvE-_gS-2Fs9hx-2FSkZHX1ENp16SoqEaxNdwbfL5V7o4zb83U3vcPYZoBy14pa0Ngy8-2BOPQXRagn-2FTtZlyZaTl-2BECUofNaiktojWYi34DOt2IJNng63OMAgaXJKRw0PFVNuN3gtpEWWTtnwnS21XbTuhSxTDqzOl7SSG2sC0wxSfirMjDufdFG5NJ0AdF24WdA3n9gRHVa-2FVgMH-2BOgcst2BNq14ziW0JK-2BvZpYIo-2FcvtPUovshHAOQz-2BW-2BIjn4wrrYbC66ZZl154XHFkXsQmocI8pjjr-2BWOpL5E1pJq2kcLd2sN1ArhA7J7EHyoqY1tJHjFq0NUUYXxbmZOhjrj5-2BFoebE2sxCtJ5snBEMPAp9ENUFEF6qe6a-2BWuHaGYrbAKGU1va1oyW-2BfmtCyBAbITCBIk1x4Ft0AEeDTHtbqq5X2rxLdTc7CSv8-2FEsMaSHacWP6fQMByoRD36mwf0x3-2FD4MIzULO-2FQ3-2B4nFBcZn0s5riqXqZsZUh-2F5hTUxLb6Cf0IYNd3yATFKzujuTMKe4Ur1njOjIV-2BR1EA43LxUvACda4o5U-2FQ-2BtT-2BnoO1Z6xIVPwZW9w9v0lIJ17HWHMEqUlF7nmpDBmw5KQD2qOWjm6CejGueA8EoLiWDllPMiiyAuOl22KaXkeZUGwjISx9lK7zfOx2dxgGZGWizWh9SttBrK0ljHGqnlk3g-2FZBHnb-2BQCyIUFVTcO-2Fn6EiUaF9Wd793nKOVz2melZHWPVix3iDgUNz1kA8qyEwJid1KGFa-2BqQrqgLaEXfez2RM56Oa1Hu6BvfUzYSPe0A-3D-3D ) Ad Products ( https://link.email.upwork.com/ls/click?upn=u001.lQOXq-2BZYS347T1f4148jjK2b3GmUBOO4BcX4FAhR-2FYtREGcbfp3cFR9PyN3JelrbVuxy_gS-2Fs9hx-2FSkZHX1ENp16SoqEaxNdwbfL5V7o4zb83U3vcPYZoBy14pa0Ngy8-2BOPQXRagn-2FTtZlyZaTl-2BECUofNaiktojWYi34DOt2IJNng63OMAgaXJKRw0PFVNuN3gtpEWWTtnwnS21XbTuhSxTDqzOl7SSG2sC0wxSfirMjDufdFG5NJ0AdF24WdA3n9gRHVa-2FVgMH-2BOgcst2BNq14ziW0JK-2BvZpYIo-2FcvtPUovshHAOQz-2BW-2BIjn4wrrYbC66ZZl154XHFkXsQmocI8pjjr-2BWOpL5E1pJq2kcLd2sN1ArhA7J7EHyoqY1tJHjFq0NUUYXxbmZOhjrj5-2BFoebE2sxCtJ5snBEMPAp9ENUFEF6qe6a-2BWuHaGYrbAKGU1va1oyW-2BfmtCyBAbITCBIk1x4Ft0AEeDTHtbqq5X2rxLdTc7CSv8-2FEsMaSHacWP6fQMByoRD36mwf0x3-2FD4MIzULO-2FQ3-2B4nFBcZn0s5riqXqZsZUh-2F5hTUxLb6Cf0IYNd3yATFKzujuTMKe4Ur1njOjIV-2BR1EA43LxUvACda4o5U-2FQ-2BtT-2BnoO1Z6xIVPwZW9w9v0lIJ17HWHMEqUlF7nmpDBmw5KQD2qOWjm6CejGueA8EoLiWDllPMiiyAuOl22KaXkeZPyy9sleO4K1IZKs-2FDPQoPZvqSOOQGkyj-2FfXxXkge1xDmlMR2VCagdPrVk0NhshNEQzUOPyfMktv9nXnDxccqUi4yPIsM4-2B-2BWuDDUKq3dRnCCKqWl01GfI5-2F8G6yoNs3NrQa2ROPCMRW6NWuaqlBFYA-3D-3D ) Release Notes ( https://link.email.upwork.com/ls/click?upn=u001.lQOXq-2BZYS347T1f4148jjK2b3GmUBOO4BcX4FAhR-2FYuvGClb7GzTP5hCH-2BDlyMAB7yaDGwxUVo3LBr-2Fynjev5w-3D-3DlQ2M_gS-2Fs9hx-2FSkZHX1ENp16SoqEaxNdwbfL5V7o4zb83U3vcPYZoBy14pa0Ngy8-2BOPQXRagn-2FTtZlyZaTl-2BECUofNaiktojWYi34DOt2IJNng63OMAgaXJKRw0PFVNuN3gtpEWWTtnwnS21XbTuhSxTDqzOl7SSG2sC0wxSfirMjDufdFG5NJ0AdF24WdA3n9gRHVa-2FVgMH-2BOgcst2BNq14ziW0JK-2BvZpYIo-2FcvtPUovshHAOQz-2BW-2BIjn4wrrYbC66ZZl154XHFkXsQmocI8pjjr-2BWOpL5E1pJq2kcLd2sN1ArhA7J7EHyoqY1tJHjFq0NUUYXxbmZOhjrj5-2BFoebE2sxCtJ5snBEMPAp9ENUFEF6qe6a-2BWuHaGYrbAKGU1va1oyW-2BfmtCyBAbITCBIk1x4Ft0AEeDTHtbqq5X2rxLdTc7CSv8-2FEsMaSHacWP6fQMByoRD36mwf0x3-2FD4MIzULO-2FQ3-2B4nFBcZn0s5riqXqZsZUh-2F5hTUxLb6Cf0IYNd3yATFKzujuTMKe4Ur1njOjIV-2BR1EA43LxUvACda4o5U-2FQ-2BtT-2BnoO1Z6xIVPwZW9w9v0lIJ17HWHMEqUlF7nmpDBmw5KQD2qOWjm6CejGueA8EoLiWDllPMiiyAuOl22KaXkeZ1-2F-2Fjo93UdfP6d25cxZrWxt-2Fi3LR6o3OnZaJDvxiu0JAYX7ELMmI2whRioGJsnb7JM8y8EDhqGcAjx8Iy5eH-2FXfsewT6DrUf8K1hjahgdbNQav4WQWN1P-2Fr2MD5YAfX33ZE9zri6OjrU1lXnttk5nLg-3D-3D ) Log In ( https://link.email.upwork.com/ls/click?upn=u001.lQOXq-2BZYS347T1f4148jjK2b3GmUBOO4BcX4FAhR-2FYu68iIaCoPm4mF9F4tqQ8YH6pR7V-2Bnx-2Fa5q1135MkqJChGb5A8v5DnmJex7oiY0v-2Fk-3DMqyX_gS-2Fs9hx-2FSkZHX1ENp16SoqEaxNdwbfL5V7o4zb83U3vcPYZoBy14pa0Ngy8-2BOPQXRagn-2FTtZlyZaTl-2BECUofNaiktojWYi34DOt2IJNng63OMAgaXJKRw0PFVNuN3gtpEWWTtnwnS21XbTuhSxTDqzOl7SSG2sC0wxSfirMjDufdFG5NJ0AdF24WdA3n9gRHVa-2FVgMH-2BOgcst2BNq14ziW0JK-2BvZpYIo-2FcvtPUovshHAOQz-2BW-2BIjn4wrrYbC66ZZl154XHFkXsQmocI8pjjr-2BWOpL5E1pJq2kcLd2sN1ArhA7J7EHyoqY1tJHjFq0NUUYXxbmZOhjrj5-2BFoebE2sxCtJ5snBEMPAp9ENUFEF6qe6a-2BWuHaGYrbAKGU1va1oyW-2BfmtCyBAbITCBIk1x4Ft0AEeDTHtbqq5X2rxLdTc7CSv8-2FEsMaSHacWP6fQMByoRD36mwf0x3-2FD4MIzULO-2FQ3-2B4nFBcZn0s5riqXqZsZUh-2F5hTUxLb6Cf0IYNd3yATFKzujuTMKe4Ur1njOjIV-2BR1EA43LxUvACda4o5U-2FQ-2BtT-2BnoO1Z6xIVPwZW9w9v0lIJ17HWHMEqUlF7nmpDBmw5KQD2qOWjm6CejGueA8EoLiWDllPMiiyAuOl22KaXkeZwL4rSjgpM3LAkLy42Q3-2Fci10yeCmRS6jyfYvZ0kxHjLnFfD9JauKKluQZhBIeKIE1ffRmj8Meb7KTS6pvl1ZLWKHlmbmOb55zoYYhZc9toGhY5Ke9YbYMa7APKe3-2FT9RXsUIAkwGinvI3GNUWu5eYA-3D-3D ) ( https://link.email.upwork.com/ls/click?upn=u001.lQOXq-2BZYS347T1f4148jjN9Lhf-2FaHPO7BtcD4IXKBcY-3D0K2B_gS-2Fs9hx-2FSkZHX1ENp16SoqEaxNdwbfL5V7o4zb83U3vcPYZoBy14pa0Ngy8-2BOPQXRagn-2FTtZlyZaTl-2BECUofNaiktojWYi34DOt2IJNng63OMAgaXJKRw0PFVNuN3gtpEWWTtnwnS21XbTuhSxTDqzOl7SSG2sC0wxSfirMjDufdFG5NJ0AdF24WdA3n9gRHVa-2FVgMH-2BOgcst2BNq14ziW0JK-2BvZpYIo-2FcvtPUovshHAOQz-2BW-2BIjn4wrrYbC66ZZl154XHFkXsQmocI8pjjr-2BWOpL5E1pJq2kcLd2sN1ArhA7J7EHyoqY1tJHjFq0NUUYXxbmZOhjrj5-2BFoebE2sxCtJ5snBEMPAp9ENUFEF6qe6a-2BWuHaGYrbAKGU1va1oyW-2BfmtCyBAbITCBIk1x4Ft0AEeDTHtbqq5X2rxLdTc7CSv8-2FEsMaSHacWP6fQMByoRD36mwf0x3-2FD4MIzULO-2FQ3-2B4nFBcZn0s5riqXqZsZUh-2F5hTUxLb6Cf0IYNd3yATFKzujuTMKe4Ur1njOjIV-2BR1EA43LxUvACda4o5U-2FQ-2BtT-2BnoO1Z6xIVPwZW9w9v0lIJ17HWHMEqUlF7nmpDBmw5KQD2qOWjm6CejGueA8EoLiWDllPMiiyAuOl22KaXkeZXq91xgSmr-2BKQtS-2BFEvjo-2BUKSt2yrpXDCW92VuvCOklK-2BRsoUVd1laYPjDssyd4k7Az2Sdk8S8eS4f8SEExfMFFx-2B-2FkPdS-2BeY6QWwXIHB2jHLEhulEO-2BvuTpYz5jwcLhB3LBreuwE6Sg6pSvLuo1jgw-3D-3D ) Your next step depends on you. ( https://link.email.upwork.com/ls/click?upn=u001.lQOXq-2BZYS347T1f4148jjK2b3GmUBOO4BcX4FAhR-2FYsofvW7cwmrUqSL8kFdqLdb9mXgXWHbMg1fbRrGD15RqYXWLY56WXkHodJKTY1S33A-3DuqZU_gS-2Fs9hx-2FSkZHX1ENp16SoqEaxNdwbfL5V7o4zb83U3vcPYZoBy14pa0Ngy8-2BOPQXRagn-2FTtZlyZaTl-2BECUofNaiktojWYi34DOt2IJNng63OMAgaXJKRw0PFVNuN3gtpEWWTtnwnS21XbTuhSxTDqzOl7SSG2sC0wxSfirMjDufdFG5NJ0AdF24WdA3n9gRHVa-2FVgMH-2BOgcst2BNq14ziW0JK-2BvZpYIo-2FcvtPUovshHAOQz-2BW-2BIjn4wrrYbC66ZZl154XHFkXsQmocI8pjjr-2BWOpL5E1pJq2kcLd2sN1ArhA7J7EHyoqY1tJHjFq0NUUYXxbmZOhjrj5-2BFoebE2sxCtJ5snBEMPAp9ENUFEF6qe6a-2BWuHaGYrbAKGU1va1oyW-2BfmtCyBAbITCBIk1x4Ft0AEeDTHtbqq5X2rxLdTc7CSv8-2FEsMaSHacWP6fQMByoRD36mwf0x3-2FD4MIzULO-2FQ3-2B4nFBcZn0s5riqXqZsZUh-2F5hTUxLb6Cf0IYNd3yATFKzujuTMKe4Ur1njOjIV-2BR1EA43LxUvACda4o5U-2FQ-2BtT-2BnoO1Z6xIVPwZW9w9v0lIJ17HWHMEqUlF7nmpDBmw5KQD2qOWjm6CejGueA8EoLiWDllPMiiyAuOl22KaXkeZH9q0jKHUsKZBAgcPc48a2GIQLFisXcEF2o1U0-2FIWUcYeJUp-2FWZJPSkBIu8rDedMZC2YR3xaUoCtXA0OoWWWsLqSMMmZLf25KIL444yyFdLTisTq50Qk4b7EzChMH2CFtAoU4jEfYx2NmmAn2gsMFOA-3D-3D ) Learn the <a href='https://link.email.upwork.com/ls/click?upn=u001.lQOXq-2BZYS347T1f4148jjK2b3GmUBOO4BcX4FAhR-2FYsofvW7cwmrUqSL8kFdqLdb9mXgXWHbMg1fbRrGD15RqT3UoxGCLt-2BauwrvEDeQJiYkzfFvjonN1OpFzskbUaCRkRoPcB6cklg-2B0BX0P5Oy28WTEcz0zWOdk3bXgE0OzGXlB7MHfi67BkIQ6jCgHgU8SqlN8im61wNpzo9zHW8JoVmjotFEC4Q9HnAZ0j30HxIUtca65P01qbmdxcqeW5f6Or-2BKUPvj0hYEzCTPo7angFdir99At0DxhbHPoBvrUytv-2BmaBQ9TFq7Bcg-2FttsF4g37BMWoz-2BMAOmf0Hv0yIycU6rTfxApbV4oWix9RkEbzVLcnEww79l453mb8QYHg3MQYwbRaa0VnX0-2F78CNt-2FKlD4t3wQB1ORU1my7KkyHgJeaYOaiUvHUeQ5lp5hPb43hTSCifbnweJzPgLq5FMTznMW1Xxm2tihBOtrwn26V5AKaqg-2F7YYkHfQkO4MF62xaSxHr1GJs2nbSV-2BrmQzBQFsQgfMaXavR4bwlF7xnhBTW1QeLd8uGAFghM9-2Bwabpov3Qmwo6fBMtFtYxQq5nCpy3CnHyyhFXslYHc0pGRsjZB7ACCUsNTwH5l3cSWfeEmthLpArSOnyiOgLpsZC8lHVWjG58F-2Fcuu-2F517kLE4oqosNV628S2daf2B5jDnRWNogsnYVR_gS-2Fs9hx-2FSkZHX1ENp16SoqEaxNdwbfL5V7o4zb83U3vcPYZoBy14pa0Ngy8-2BOPQXRagn-2FTtZlyZaTl-2BECUofNaiktojWYi34DOt2IJNng63OMAgaXJKRw0PFVNuN3gtpEWWTtnwnS21XbTuhSxTDqzOl7SSG2sC0wxSfirMjDufdFG5NJ0AdF24WdA3n9gRHVa-2FVgMH-2BOgcst2BNq14ziW0JK-2BvZpYIo-2FcvtPUovshHAOQz-2BW-2BIjn4wrrYbC66ZZl154XHFkXsQmocI8pjjr-2BWOpL5E1pJq2kcLd2sN1ArhA7J7EHyoqY1tJHjFq0NUUYXxbmZOhjrj5-2BFoebE2sxCtJ5snBEMPAp9ENUFEF6qe6a-2BWuHaGYrbAKGU1va1oyW-2BfmtCyBAbITCBIk1x4Ft0AEeDTHtbqq5X2rxLdTc7CSv8-2FEsMaSHacWP6fQMByoRD36mwf0x3-2FD4MIzULO-2FQ3-2B4nFBcZn0s5riqXqZsZUh-2F5hTUxLb6Cf0IYNd3yATFKzujuTMKe4Ur1njOjIV-2BR1EA43LxUvACda4o5U-2FQ-2BtT-2BnoO1Z6xIVPwZW9w9v0lIJ17HWHMEqUlF7nmpDBmw5KQD2qOWjm6CejGueA8EoLiWDllPMiiyAuOl22KaXkeZNCyctHilbUk-2FfCfnSIDzchELuHe-2F8a-2Bi8liH2FU9SrfH7UjGIHOgqT5Ynxz5tBfGc92GsuTjrPg2DCcAFQRwTtvc-2B1xPRyRRqVYfdUXP8qsXLorJwN4DIEWwZL5AkdSGpDh-2B1BXgdQJN0AVg3YSddg-3D-3D text-decoration:underline; font-weight:bold;'>best way to win jobs</a> from our freelance community. ( https://link.email.upwork.com/ls/click?upn=u001.lQOXq-2BZYS347T1f4148jjPuk5ZP4l6Y0BJ4kcmGEbfnLNKUlflmzRb6z7MhQLUkIkmL6_gS-2Fs9hx-2FSkZHX1ENp16SoqEaxNdwbfL5V7o4zb83U3vcPYZoBy14pa0Ngy8-2BOPQXRagn-2FTtZlyZaTl-2BECUofNaiktojWYi34DOt2IJNng63OMAgaXJKRw0PFVNuN3gtpEWWTtnwnS21XbTuhSxTDqzOl7SSG2sC0wxSfirMjDufdFG5NJ0AdF24WdA3n9gRHVa-2FVgMH-2BOgcst2BNq14ziW0JK-2BvZpYIo-2FcvtPUovshHAOQz-2BW-2BIjn4wrrYbC66ZZl154XHFkXsQmocI8pjjr-2BWOpL5E1pJq2kcLd2sN1ArhA7J7EHyoqY1tJHjFq0NUUYXxbmZOhjrj5-2BFoebE2sxCtJ5snBEMPAp9ENUFEF6qe6a-2BWuHaGYrbAKGU1va1oyW-2BfmtCyBAbITCBIk1x4Ft0AEeDTHtbqq5X2rxLdTc7CSv8-2FEsMaSHacWP6fQMByoRD36mwf0x3-2FD4MIzULO-2FQ3-2B4nFBcZn0s5riqXqZsZUh-2F5hTUxLb6Cf0IYNd3yATFKzujuTMKe4Ur1njOjIV-2BR1EA43LxUvACda4o5U-2FQ-2BtT-2BnoO1Z6xIVPwZW9w9v0lIJ17HWHMEqUlF7nmpDBmw5KQD2qOWjm6CejGueA8EoLiWDllPMiiyAuOl22KaXkeZNalPCFT9PfJdu2ZjlN8oFj7uLnbE7rBTiDB2EvKIQtKZ8Juxn7MAniMdyYj-2B29YdLReR0Oat-2BpKxwjuPcWvpFSmwDJFqBJzSYP-2BnqCFRWYfxIxBqI6QgC6JMIlO-2FIIhJZwRhQ8R4f5zJ8temVCNuzA-3D-3D ) Mobile app Download Upwork App for iPhone ( https://link.email.upwork.com/ls/click?upn=u001.lQOXq-2BZYS347T1f4148jjJ03OYUpu2HJ8XN9h-2BBezQCFadeHcWPRUzJwmxII-2BiY10hYp7JW1r3RwZ0TbPVQ-2FdA-3D-3DR8TA_gS-2Fs9hx-2FSkZHX1ENp16SoqEaxNdwbfL5V7o4zb83U3vcPYZoBy14pa0Ngy8-2BOPQXRagn-2FTtZlyZaTl-2BECUofNaiktojWYi34DOt2IJNng63OMAgaXJKRw0PFVNuN3gtpEWWTtnwnS21XbTuhSxTDqzOl7SSG2sC0wxSfirMjDufdFG5NJ0AdF24WdA3n9gRHVa-2FVgMH-2BOgcst2BNq14ziW0JK-2BvZpYIo-2FcvtPUovshHAOQz-2BW-2BIjn4wrrYbC66ZZl154XHFkXsQmocI8pjjr-2BWOpL5E1pJq2kcLd2sN1ArhA7J7EHyoqY1tJHjFq0NUUYXxbmZOhjrj5-2BFoebE2sxCtJ5snBEMPAp9ENUFEF6qe6a-2BWuHaGYrbAKGU1va1oyW-2BfmtCyBAbITCBIk1x4Ft0AEeDTHtbqq5X2rxLdTc7CSv8-2FEsMaSHacWP6fQMByoRD36mwf0x3-2FD4MIzULO-2FQ3-2B4nFBcZn0s5riqXqZsZUh-2F5hTUxLb6Cf0IYNd3yATFKzujuTMKe4Ur1njOjIV-2BR1EA43LxUvACda4o5U-2FQ-2BtT-2BnoO1Z6xIVPwZW9w9v0lIJ17HWHMEqUlF7nmpDBmw5KQD2qOWjm6CejGueA8EoLiWDllPMiiyAuOl22KaXkeZOw8JEEGsta9KvEmnLWlF0AGFkQVMY01-2B9urSRLAZjeAdIuRuLlzN2gCVhSu7zlk1nfi5xyLUhIxX1vHQjybdMytBlFZwRWkMcjrLtjhTgVFey-2BY9yd5HkiySaUinZpoq5y7mnlzRP-2Fg9xZdMNjiLtg-3D-3D ) Download Upwork App for Android ( https://link.email.upwork.com/ls/click?upn=u001.lQOXq-2BZYS347T1f4148jjITqBbPq9-2FIcrjEjeXhURVVwVjIJE1AQznjirGRp3QmJMt4pZyjWaKnXeg-2B6VWWHQU-2B2vIZP7IFlsLPTbVkF0r1q6SG-2BnCpkSD6D0Dx7iOZZg_MN_gS-2Fs9hx-2FSkZHX1ENp16SoqEaxNdwbfL5V7o4zb83U3vcPYZoBy14pa0Ngy8-2BOPQXRagn-2FTtZlyZaTl-2BECUofNaiktojWYi34DOt2IJNng63OMAgaXJKRw0PFVNuN3gtpEWWTtnwnS21XbTuhSxTDqzOl7SSG2sC0wxSfirMjDufdFG5NJ0AdF24WdA3n9gRHVa-2FVgMH-2BOgcst2BNq14ziW0JK-2BvZpYIo-2FcvtPUovshHAOQz-2BW-2BIjn4wrrYbC66ZZl154XHFkXsQmocI8pjjr-2BWOpL5E1pJq2kcLd2sN1ArhA7J7EHyoqY1tJHjFq0NUUYXxbmZOhjrj5-2BFoebE2sxCtJ5snBEMPAp9ENUFEF6qe6a-2BWuHaGYrbAKGU1va1oyW-2BfmtCyBAbITCBIk1x4Ft0AEeDTHtbqq5X2rxLdTc7CSv8-2FEsMaSHacWP6fQMByoRD36mwf0x3-2FD4MIzULO-2FQ3-2B4nFBcZn0s5riqXqZsZUh-2F5hTUxLb6Cf0IYNd3yATFKzujuTMKe4Ur1njOjIV-2BR1EA43LxUvACda4o5U-2FQ-2BtT-2BnoO1Z6xIVPwZW9w9v0lIJ17HWHMEqUlF7nmpDBmw5KQD2qOWjm6CejGueA8EoLiWDllPMiiyAuOl22KaXkeZMZsddDeafzVq8QlU093kPjbZhywR1CKnQEKnN-2B5AgrMd8VADozwfCQAwxQCv-2B2FamClm72mTVJDlUl0T2iAaLVmQMx8rSkprXKFN-2FTOgY3ZHXCNi52r-2FSj7sUIQR7-2BykzluQSjfKQu1pVy1A8LnGzQ-3D-3D ) Follow us Facebook ( https://link.email.upwork.com/ls/click?upn=u001.lQOXq-2BZYS347T1f4148jjEP4h7Fy4jwHgyDMjFLSx-2FUuG7zaBSzfBdp7HTf-2F-2Fxg3mboi_gS-2Fs9hx-2FSkZHX1ENp16SoqEaxNdwbfL5V7o4zb83U3vcPYZoBy14pa0Ngy8-2BOPQXRagn-2FTtZlyZaTl-2BECUofNaiktojWYi34DOt2IJNng63OMAgaXJKRw0PFVNuN3gtpEWWTtnwnS21XbTuhSxTDqzOl7SSG2sC0wxSfirMjDufdFG5NJ0AdF24WdA3n9gRHVa-2FVgMH-2BOgcst2BNq14ziW0JK-2BvZpYIo-2FcvtPUovshHAOQz-2BW-2BIjn4wrrYbC66ZZl154XHFkXsQmocI8pjjr-2BWOpL5E1pJq2kcLd2sN1ArhA7J7EHyoqY1tJHjFq0NUUYXxbmZOhjrj5-2BFoebE2sxCtJ5snBEMPAp9ENUFEF6qe6a-2BWuHaGYrbAKGU1va1oyW-2BfmtCyBAbITCBIk1x4Ft0AEeDTHtbqq5X2rxLdTc7CSv8-2FEsMaSHacWP6fQMByoRD36mwf0x3-2FD4MIzULO-2FQ3-2B4nFBcZn0s5riqXqZsZUh-2F5hTUxLb6Cf0IYNd3yATFKzujuTMKe4Ur1njOjIV-2BR1EA43LxUvACda4o5U-2FQ-2BtT-2BnoO1Z6xIVPwZW9w9v0lIJ17HWHMEqUlF7nmpDBmw5KQD2qOWjm6CejGueA8EoLiWDllPMiiyAuOl22KaXkeZLyzRv-2B64zTVSOY-2B6qRoUIRX1uVH2anVn07zCvSYKARWDR4bWxoAHUyxT4PjWykIMBgXktBVdrsQaQmpalh9-2BzdbJ4KIFh70FI4uPzGF8i-2FLMK6oJ7CHGmgszBZPcse9mBvGEluSaEHCz6RcS28G4-2Bg-3D-3D ) Linkedin ( https://link.email.upwork.com/ls/click?upn=u001.lQOXq-2BZYS347T1f4148jjMsdYE1auZOxW9f4MiMoBpwVBEudqWtgrg5UlMJVfVY3KFS67yFc8-2FlqTmaACdukKg-3D-3DDPjP_gS-2Fs9hx-2FSkZHX1ENp16SoqEaxNdwbfL5V7o4zb83U3vcPYZoBy14pa0Ngy8-2BOPQXRagn-2FTtZlyZaTl-2BECUofNaiktojWYi34DOt2IJNng63OMAgaXJKRw0PFVNuN3gtpEWWTtnwnS21XbTuhSxTDqzOl7SSG2sC0wxSfirMjDufdFG5NJ0AdF24WdA3n9gRHVa-2FVgMH-2BOgcst2BNq14ziW0JK-2BvZpYIo-2FcvtPUovshHAOQz-2BW-2BIjn4wrrYbC66ZZl154XHFkXsQmocI8pjjr-2BWOpL5E1pJq2kcLd2sN1ArhA7J7EHyoqY1tJHjFq0NUUYXxbmZOhjrj5-2BFoebE2sxCtJ5snBEMPAp9ENUFEF6qe6a-2BWuHaGYrbAKGU1va1oyW-2BfmtCyBAbITCBIk1x4Ft0AEeDTHtbqq5X2rxLdTc7CSv8-2FEsMaSHacWP6fQMByoRD36mwf0x3-2FD4MIzULO-2FQ3-2B4nFBcZn0s5riqXqZsZUh-2F5hTUxLb6Cf0IYNd3yATFKzujuTMKe4Ur1njOjIV-2BR1EA43LxUvACda4o5U-2FQ-2BtT-2BnoO1Z6xIVPwZW9w9v0lIJ17HWHMEqUlF7nmpDBmw5KQD2qOWjm6CejGueA8EoLiWDllPMiiyAuOl22KaXkeZ7h6upSvt7x6HCvd8flQfHaqW5S7LsNTFnwHrRySrl5a6fJZHNzg6-2B3j-2FsSkbxsanv88ajXjlDJRTfFVC10jA5vwsA-2BwGh8xtufJ1kkYS1mpldNsuEKt4yrfBMOlb01VOyAhTtxD2kK1lF4zkgoNKTg-3D-3D ) X ( https://link.email.upwork.com/ls/click?upn=u001.lQOXq-2BZYS347T1f4148jjBB-2B3FSiBU2FY44YzXIni-2FnCDPnWvLaaW7tL65dggZbKSKEN_gS-2Fs9hx-2FSkZHX1ENp16SoqEaxNdwbfL5V7o4zb83U3vcPYZoBy14pa0Ngy8-2BOPQXRagn-2FTtZlyZaTl-2BECUofNaiktojWYi34DOt2IJNng63OMAgaXJKRw0PFVNuN3gtpEWWTtnwnS21XbTuhSxTDqzOl7SSG2sC0wxSfirMjDufdFG5NJ0AdF24WdA3n9gRHVa-2FVgMH-2BOgcst2BNq14ziW0JK-2BvZpYIo-2FcvtPUovshHAOQz-2BW-2BIjn4wrrYbC66ZZl154XHFkXsQmocI8pjjr-2BWOpL5E1pJq2kcLd2sN1ArhA7J7EHyoqY1tJHjFq0NUUYXxbmZOhjrj5-2BFoebE2sxCtJ5snBEMPAp9ENUFEF6qe6a-2BWuHaGYrbAKGU1va1oyW-2BfmtCyBAbITCBIk1x4Ft0AEeDTHtbqq5X2rxLdTc7CSv8-2FEsMaSHacWP6fQMByoRD36mwf0x3-2FD4MIzULO-2FQ3-2B4nFBcZn0s5riqXqZsZUh-2F5hTUxLb6Cf0IYNd3yATFKzujuTMKe4Ur1njOjIV-2BR1EA43LxUvACda4o5U-2FQ-2BtT-2BnoO1Z6xIVPwZW9w9v0lIJ17HWHMEqUlF7nmpDBmw5KQD2qOWjm6CejGueA8EoLiWDllPMiiyAuOl22KaXkeZf3LYo7seNMY0cxXWvxG3sxqbG37hQeruUixQQPArOD5ip-2BaaWC-2Bnu4K9GrS1kpeM-2BAEpiec-2BPjjYdmWaQ1RiKnvUuRogXIUyaqfmxIt2gZGCPgGFiPGCo6hrCfQDgChwrkGvJ4dUeOecGdPyPopu1A-3D-3D ) YouTube ( https://link.email.upwork.com/ls/click?upn=u001.lQOXq-2BZYS347T1f4148jjEC9U1l-2BNdO1R8f1sSbLqxZhTD7faKnO5av3JJFI6VbNQUuguAKFFaDlN1puWqG5qSeJGeZ-2BScIxZCLwyRAUolY-3DnKbA_gS-2Fs9hx-2FSkZHX1ENp16SoqEaxNdwbfL5V7o4zb83U3vcPYZoBy14pa0Ngy8-2BOPQXRagn-2FTtZlyZaTl-2BECUofNaiktojWYi34DOt2IJNng63OMAgaXJKRw0PFVNuN3gtpEWWTtnwnS21XbTuhSxTDqzOl7SSG2sC0wxSfirMjDufdFG5NJ0AdF24WdA3n9gRHVa-2FVgMH-2BOgcst2BNq14ziW0JK-2BvZpYIo-2FcvtPUovshHAOQz-2BW-2BIjn4wrrYbC66ZZl154XHFkXsQmocI8pjjr-2BWOpL5E1pJq2kcLd2sN1ArhA7J7EHyoqY1tJHjFq0NUUYXxbmZOhjrj5-2BFoebE2sxCtJ5snBEMPAp9ENUFEF6qe6a-2BWuHaGYrbAKGU1va1oyW-2BfmtCyBAbITCBIk1x4Ft0AEeDTHtbqq5X2rxLdTc7CSv8-2FEsMaSHacWP6fQMByoRD36mwf0x3-2FD4MIzULO-2FQ3-2B4nFBcZn0s5riqXqZsZUh-2F5hTUxLb6Cf0IYNd3yATFKzujuTMKe4Ur1njOjIV-2BR1EA43LxUvACda4o5U-2FQ-2BtT-2BnoO1Z6xIVPwZW9w9v0lIJ17HWHMEqUlF7nmpDBmw5KQD2qOWjm6CejGueA8EoLiWDllPMiiyAuOl22KaXkeZw4MsTjWadS5N0x3FWY3aCULueoav6Gu7DCcBYpX3VJ0fNdr0hhmCPZB-2B4wXMFBbphvBqWwsPH9mf3sFHQuH578OHqd-2Bzl6fDqB-2Bn74At6K13q3pch5ZZIOYGwM-2BvFelCq1sqdWPa9DxJ0hzM8-2FJLuw-3D-3D ) Instagram ( https://link.email.upwork.com/ls/click?upn=u001.lQOXq-2BZYS347T1f4148jjE2z8TJ-2FjKb5VkUkc3Xr5yi9PzkKXfuOErzUHtr-2BL-2B8KrVnI_gS-2Fs9hx-2FSkZHX1ENp16SoqEaxNdwbfL5V7o4zb83U3vcPYZoBy14pa0Ngy8-2BOPQXRagn-2FTtZlyZaTl-2BECUofNaiktojWYi34DOt2IJNng63OMAgaXJKRw0PFVNuN3gtpEWWTtnwnS21XbTuhSxTDqzOl7SSG2sC0wxSfirMjDufdFG5NJ0AdF24WdA3n9gRHVa-2FVgMH-2BOgcst2BNq14ziW0JK-2BvZpYIo-2FcvtPUovshHAOQz-2BW-2BIjn4wrrYbC66ZZl154XHFkXsQmocI8pjjr-2BWOpL5E1pJq2kcLd2sN1ArhA7J7EHyoqY1tJHjFq0NUUYXxbmZOhjrj5-2BFoebE2sxCtJ5snBEMPAp9ENUFEF6qe6a-2BWuHaGYrbAKGU1va1oyW-2BfmtCyBAbITCBIk1x4Ft0AEeDTHtbqq5X2rxLdTc7CSv8-2FEsMaSHacWP6fQMByoRD36mwf0x3-2FD4MIzULO-2FQ3-2B4nFBcZn0s5riqXqZsZUh-2F5hTUxLb6Cf0IYNd3yATFKzujuTMKe4Ur1njOjIV-2BR1EA43LxUvACda4o5U-2FQ-2BtT-2BnoO1Z6xIVPwZW9w9v0lIJ17HWHMEqUlF7nmpDBmw5KQD2qOWjm6CejGueA8EoLiWDllPMiiyAuOl22KaXkeZ3Nny2c370R-2BZy3HGpiEqH3sJELJBQX-2FVGnkWIa6MRH9iB3ugGVzn-2BGNes1OfYCSVex1IJJR-2BHZrtTtiGe-2FT1G1QW6-2Fs4CFSKXbezR5h6kMcn-2FIvebjH2NqZMkFXpPIv2RAESn6zIb2hB8tbH9Rp5zQ-3D-3D ) Privacy Policy ( https://link.email.upwork.com/ls/click?upn=u001.lQOXq-2BZYS347T1f4148jjK2b3GmUBOO4BcX4FAhR-2FYu1oU3C-2Fl32izT50ZLrn0KVpwsF_gS-2Fs9hx-2FSkZHX1ENp16SoqEaxNdwbfL5V7o4zb83U3vcPYZoBy14pa0Ngy8-2BOPQXRagn-2FTtZlyZaTl-2BECUofNaiktojWYi34DOt2IJNng63OMAgaXJKRw0PFVNuN3gtpEWWTtnwnS21XbTuhSxTDqzOl7SSG2sC0wxSfirMjDufdFG5NJ0AdF24WdA3n9gRHVa-2FVgMH-2BOgcst2BNq14ziW0JK-2BvZpYIo-2FcvtPUovshHAOQz-2BW-2BIjn4wrrYbC66ZZl154XHFkXsQmocI8pjjr-2BWOpL5E1pJq2kcLd2sN1ArhA7J7EHyoqY1tJHjFq0NUUYXxbmZOhjrj5-2BFoebE2sxCtJ5snBEMPAp9ENUFEF6qe6a-2BWuHaGYrbAKGU1va1oyW-2BfmtCyBAbITCBIk1x4Ft0AEeDTHtbqq5X2rxLdTc7CSv8-2FEsMaSHacWP6fQMByoRD36mwf0x3-2FD4MIzULO-2FQ3-2B4nFBcZn0s5riqXqZsZUh-2F5hTUxLb6Cf0IYNd3yATFKzujuTMKe4Ur1njOjIV-2BR1EA43LxUvACda4o5U-2FQ-2BtT-2BnoO1Z6xIVPwZW9w9v0lIJ17HWHMEqUlF7nmpDBmw5KQD2qOWjm6CejGueA8EoLiWDllPMiiyAuOl22KaXkeZRt72cpgL-2BwEaG23IU85RorQeL8lBNGSquNdQNwa9Q-2FOs1Hjqj7JQtdUicIo81HvdMO1-2B7vDRuYkneBxIxjGwJG8mqlKpXyxPIhmLeFt1Cq6SBGWzo-2FHcoEbI3IVOvfSq-2F-2F4rsi9oER602SNf32xybw-3D-3D ) Contact Support ( https://link.email.upwork.com/ls/click?upn=u001.lQOXq-2BZYS347T1f4148jjPuk5ZP4l6Y0BJ4kcmGEbfl0xN-2BCWYHnboUBqOQH03v1hztp_gS-2Fs9hx-2FSkZHX1ENp16SoqEaxNdwbfL5V7o4zb83U3vcPYZoBy14pa0Ngy8-2BOPQXRagn-2FTtZlyZaTl-2BECUofNaiktojWYi34DOt2IJNng63OMAgaXJKRw0PFVNuN3gtpEWWTtnwnS21XbTuhSxTDqzOl7SSG2sC0wxSfirMjDufdFG5NJ0AdF24WdA3n9gRHVa-2FVgMH-2BOgcst2BNq14ziW0JK-2BvZpYIo-2FcvtPUovshHAOQz-2BW-2BIjn4wrrYbC66ZZl154XHFkXsQmocI8pjjr-2BWOpL5E1pJq2kcLd2sN1ArhA7J7EHyoqY1tJHjFq0NUUYXxbmZOhjrj5-2BFoebE2sxCtJ5snBEMPAp9ENUFEF6qe6a-2BWuHaGYrbAKGU1va1oyW-2BfmtCyBAbITCBIk1x4Ft0AEeDTHtbqq5X2rxLdTc7CSv8-2FEsMaSHacWP6fQMByoRD36mwf0x3-2FD4MIzULO-2FQ3-2B4nFBcZn0s5riqXqZsZUh-2F5hTUxLb6Cf0IYNd3yATFKzujuTMKe4Ur1njOjIV-2BR1EA43LxUvACda4o5U-2FQ-2BtT-2BnoO1Z6xIVPwZW9w9v0lIJ17HWHMEqUlF7nmpDBmw5KQD2qOWjm6CejGueA8EoLiWDllPMiiyAuOl22KaXkeZu3AFLrUyUy0YFEb8IJK7ESSdYa1eJUqcBQ7r-2FzQ0TLbcPZMh2W-2BxoBTDdRuyLxjnTNRu9dHXwRnHvMTjCurG-2BS0gyimu1SauVuaIsRHUFvtS-2FQ9ENGL4cgp3KYz-2Bq5XGDUw7Z16poEd3VH6SzY1PKQ-3D-3D ) Unsubscribe ( https://link.email.upwork.com/ls/click?upn=u001.lQOXq-2BZYS347T1f4148jjH5-2FzcyFbyyoAxXwIXruvaoGxByCO9VyJYeK20exdqaXcqR7VB8hTYaDd3Gh35WPHKBDqpqd6DRgBlpE3BR1LfjzDk7-2Frn2S0LPLbmnl3QPsC2EdRtPlDpQp5gXu53pyIBPgvoyc1fOdbVuHUePgS7lgsdm-2FFqHC1U71-2FDjsOsSW7bL1jUiIymPG7P6gdEYGKajap3MUG-2FSSSHDD-2BaNOsqjYs637AYrfijaPi76eXT80OUmA23ZVKy7oIpYx1NSBomTGhbgaAFb6tD2ph93DEBegZLOz2AsxXFQENt6xltJi-2B97e7AVqT9lcl6PMJzkDPXMzBKcCEcVthzXOI7A-2BL7dnRXiXxlD-2FyUUqXsh1BV7yIVstGaTXpYP8fOoBgbukM5NE0-2FKfZUF8AYIlEzwifF7niKUjCHpLxzz4OjLvFLwpr4aAv-2F1Co4uvMAnzp5XKp7e4fPhQcnTThyjiLLldu8QxBZRti3ecYPp9-2F-2FUm0kdE-2FsnX68AmXPNldWhlLX0z8V83-2F1jep7gHBklDZy-2FJeiXZa-2By0gCCmflWCgfEqRMHNNXgGLWPiwqdpRPvEizb3-2FoEsmAJC9aJgRw10uHZU1qP8N9I3GhfvzC8an8T14olvSBJsOt1sU1mfvdvgPrLJYqJvH7etsfxZ6zY6BfxkpbJ678vjyscvR-2FNF88xzMcHkcXKH_gS-2Fs9hx-2FSkZHX1ENp16SoqEaxNdwbfL5V7o4zb83U3vcPYZoBy14pa0Ngy8-2BOPQXRagn-2FTtZlyZaTl-2BECUofNaiktojWYi34DOt2IJNng63OMAgaXJKRw0PFVNuN3gtpEWWTtnwnS21XbTuhSxTDqzOl7SSG2sC0wxSfirMjDufdFG5NJ0AdF24WdA3n9gRHVa-2FVgMH-2BOgcst2BNq14ziW0JK-2BvZpYIo-2FcvtPUovshHAOQz-2BW-2BIjn4wrrYbC66ZZl154XHFkXsQmocI8pjjr-2BWOpL5E1pJq2kcLd2sN1ArhA7J7EHyoqY1tJHjFq0NUUYXxbmZOhjrj5-2BFoebE2sxCtJ5snBEMPAp9ENUFEF6qe6a-2BWuHaGYrbAKGU1va1oyW-2BfmtCyBAbITCBIk1x4Ft0AEeDTHtbqq5X2rxLdTc7CSv8-2FEsMaSHacWP6fQMByoRD36mwf0x3-2FD4MIzULO-2FQ3-2B4nFBcZn0s5riqXqZsZUh-2F5hTUxLb6Cf0IYNd3yATFKzujuTMKe4Ur1njOjIV-2BR1EA43LxUvACda4o5U-2FQ-2BtT-2BnoO1Z6xIVPwZW9w9v0lIJ17HWHMEqUlF7nmpDBmw5KQD2qOWjm6CejGueA8EoLiWDllPMiiyAuOl22KaXkeZCqrusPkBOch13uADRaDB-2B-2BeHr8-2FcpLYZ8gblzvg-2FE3hcaVcfGqoDibSjOyPggB0yeZ8UCfiXvJQWz1KPJGFp5Brwn3WGYT1oVPvcO5Yohd4SopIAnrJuMdyzyg6fLBd3DmT3jhitzj9a0TlczuY5ow-3D-3D ) 530 Lytton Ave, Suite 301, Palo Alto, CA 94301 © 2015 - 2025 Upwork® Global LLC",HIGH,BUSINESS
